date,revenue,meta,google_search,pmax,youtube,linkedin,fee_offer,trend
2023-10-02,7787429.0,986151.0,619863.0,0.0,659252.0,172773.0,0.0,0.0
2023-10-09,8152787.0,658787.0,767098.0,0.0,393108.0,127817.0,0.0,0.0064516129032258064
2023-10-16,9256862.0,1127243.0,529591.0,0.0,545409.0,132574.0,0.0,0.012903225806451613
2023-10-23,8974898.0,1193403.0,446167.0,0.0,451619.0,225750.0,0.0,0.01935483870967742
2023-10-30,7610172.0,501240.0,471373.0,0.0,0.0,109778.0,0.0,0.025806451612903226
2023-11-06,7635640.0,608953.0,500508.0,0.0,0.0,72733.0,0.0,0.03225806451612903
2023-11-13,8977104.0,935187.0,1021520.0,0.0,0.0,243208.0,0.0,0.03870967741935484
2023-11-20,8090489.0,818540.0,488619.0,0.0,0.0,322284.0,0.0,0.04516129032258064
2023-11-27,8522871.0,895475.0,739927.0,0.0,652343.0,132828.0,0.0,0.05161290322580645
2023-12-04,8193215.0,696788.0,478759.0,0.0,375825.0,83896.0,0.0,0.05806451612903226
2023-12-11,9209144.0,1171704.0,757348.0,0.0,500793.0,136659.0,0.0,0.06451612903225806
2023-12-18,9233079.0,1136527.0,660612.0,0.0,957214.0,137657.0,0.0,0.07096774193548387
2023-12-25,9313377.0,918006.0,576958.0,0.0,0.0,141692.0,0.0,0.07741935483870968
2024-01-01,10323893.0,1703894.0,712700.0,0.0,0.0,107406.0,0.0,0.08387096774193549
2024-01-08,9934413.0,1397936.0,611279.0,0.0,0.0,178485.0,1.0,0.09032258064516129
2024-01-15,10334343.0,938902.0,804941.0,0.0,0.0,175561.0,1.0,0.0967741935483871
2024-01-22,10303300.0,1357126.0,642589.0,0.0,492952.0,95805.0,0.0,0.1032258064516129
2024-01-29,9730743.0,911266.0,529986.0,0.0,479146.0,185007.0,0.0,0.10967741935483871
2024-02-05,10476014.0,1581350.0,523097.0,0.0,411471.0,277672.0,0.0,0.11612903225806452
2024-02-12,10317049.0,1196938.0,751746.0,0.0,556787.0,157941.0,0.0,0.12258064516129032
2024-02-19,10098212.0,1149452.0,1068514.0,0.0,0.0,135563.0,0.0,0.12903225806451613
2024-02-26,9297915.0,990511.0,749382.0,0.0,0.0,143744.0,0.0,0.13548387096774195
2024-03-04,10553072.0,1753312.0,698959.0,0.0,0.0,180406.0,0.0,0.14193548387096774
2024-03-11,10138111.0,1159960.0,773331.0,0.0,0.0,89249.0,0.0,0.14838709677419354
2024-03-18,10744189.0,1068489.0,997998.0,0.0,465469.0,157583.0,0.0,0.15483870967741936
2024-03-25,10458620.0,1093194.0,760592.0,0.0,560091.0,133419.0,0.0,0.16129032258064516
2024-04-01,9499364.0,1055835.0,541421.0,0.0,462867.0,261121.0,0.0,0.16774193548387098
2024-04-08,9421948.0,1004282.0,791161.0,0.0,631751.0,142363.0,0.0,0.17419354838709677
2024-04-15,9405505.0,1018631.0,667887.0,0.0,0.0,247399.0,0.0,0.18064516129032257
2024-04-22,9760799.0,1024173.0,880834.0,0.0,0.0,107718.0,0.0,0.1870967741935484
2024-04-29,10461037.0,1711095.0,628124.0,410213.0,0.0,178898.0,0.0,0.1935483870967742
2024-05-06,8995032.0,796694.0,441780.0,462352.0,0.0,165084.0,0.0,0.2
2024-05-13,9390396.0,771797.0,426192.0,704253.0,703152.0,115575.0,0.0,0.2064516129032258
2024-05-20,9456090.0,705046.0,906564.0,194286.0,625408.0,158199.0,0.0,0.2129032258064516
2024-05-27,9978230.0,1082673.0,923200.0,325245.0,417689.0,215808.0,0.0,0.21935483870967742
2024-06-03,10963416.0,1704779.0,688401.0,491903.0,343430.0,136115.0,0.0,0.22580645161290322
2024-06-10,9676379.0,1174168.0,654227.0,229960.0,0.0,90292.0,0.0,0.23225806451612904
2024-06-17,10361776.0,944308.0,1037545.0,670515.0,0.0,149212.0,0.0,0.23870967741935484
2024-06-24,9332444.0,948759.0,545929.0,455042.0,0.0,114424.0,0.0,0.24516129032258063
2024-07-01,9371825.0,1476865.0,575690.0,537952.0,0.0,135359.0,0.0,0.25161290322580643
2024-07-08,11040980.0,1518496.0,845631.0,327548.0,434726.0,146373.0,1.0,0.25806451612903225
2024-07-15,11737236.0,1430023.0,652362.0,531808.0,561650.0,89922.0,1.0,0.2645161290322581
2024-07-22,9471552.0,995103.0,719079.0,581395.0,338447.0,92383.0,0.0,0.2709677419354839
2024-07-29,9218097.0,1302639.0,691173.0,433968.0,464182.0,173340.0,0.0,0.27741935483870966
2024-08-05,8618554.0,932063.0,652834.0,434200.0,0.0,128229.0,0.0,0.2838709677419355
2024-08-12,9510060.0,961026.0,853035.0,439696.0,0.0,69492.0,0.0,0.2903225806451613
2024-08-19,9220930.0,1168906.0,613743.0,295685.0,0.0,189822.0,0.0,0.2967741935483871
2024-08-26,9124962.0,962442.0,704800.0,379870.0,0.0,162771.0,0.0,0.3032258064516129
2024-09-02,9271424.0,1103309.0,359382.0,379207.0,590925.0,121083.0,0.0,0.3096774193548387
2024-09-09,8130847.0,918433.0,592737.0,457443.0,420950.0,101047.0,0.0,0.3161290322580645
2024-09-16,9481019.0,981548.0,485958.0,567592.0,625819.0,192747.0,0.0,0.3225806451612903
2024-09-23,9825487.0,1087657.0,442405.0,276159.0,751328.0,166574.0,0.0,0.32903225806451614
2024-09-30,8075814.0,581289.0,481734.0,382876.0,0.0,306561.0,0.0,0.33548387096774196
2024-10-07,8904867.0,817698.0,551918.0,671809.0,0.0,170152.0,0.0,0.3419354838709677
2024-10-14,8826310.0,781553.0,754387.0,308342.0,0.0,168502.0,0.0,0.34838709677419355
2024-10-21,7996433.0,743026.0,430665.0,299968.0,0.0,142673.0,0.0,0.3548387096774194
2024-10-28,9136278.0,828695.0,604612.0,429350.0,710212.0,191649.0,0.0,0.36129032258064514
2024-11-04,10748640.0,1409341.0,531598.0,537538.0,447633.0,180939.0,0.0,0.36774193548387096
2024-11-11,10278922.0,694120.0,552808.0,401603.0,719365.0,218362.0,0.0,0.3741935483870968
2024-11-18,10578121.0,1203366.0,770947.0,636892.0,516709.0,128283.0,0.0,0.38064516129032255
2024-11-25,10379327.0,543231.0,686399.0,539878.0,0.0,131632.0,0.0,0.3870967741935484
2024-12-02,9989055.0,813975.0,838219.0,537056.0,0.0,129918.0,0.0,0.3935483870967742
2024-12-09,10441711.0,945034.0,577266.0,485610.0,0.0,190162.0,0.0,0.4
2024-12-16,10088610.0,1073051.0,504185.0,903380.0,0.0,235132.0,0.0,0.4064516129032258
2024-12-23,10241431.0,1114056.0,567344.0,372284.0,446959.0,130710.0,0.0,0.4129032258064516
2024-12-30,10442368.0,1141843.0,637500.0,198389.0,559863.0,132053.0,0.0,0.41935483870967744
2025-01-06,13060346.0,1094313.0,752495.0,701312.0,338041.0,164821.0,1.0,0.4258064516129032
2025-01-13,11563156.0,1057638.0,549031.0,340791.0,586385.0,139339.0,1.0,0.432258064516129
2025-01-20,10989827.0,1571667.0,736474.0,415392.0,0.0,199587.0,0.0,0.43870967741935485
2025-01-27,11490809.0,1147233.0,762276.0,632580.0,0.0,76333.0,0.0,0.44516129032258067
2025-02-03,10654736.0,828646.0,1351026.0,228303.0,0.0,117053.0,0.0,0.45161290322580644
2025-02-10,10364655.0,864813.0,1151087.0,258111.0,0.0,118618.0,0.0,0.45806451612903226
2025-02-17,10297234.0,922109.0,581692.0,228381.0,327993.0,74778.0,0.0,0.4645161290322581
2025-02-24,10851049.0,1410427.0,670086.0,302935.0,406690.0,112342.0,0.0,0.47096774193548385
2025-03-03,10878279.0,1268039.0,499392.0,466537.0,531937.0,113987.0,0.0,0.4774193548387097
2025-03-10,11354535.0,1494646.0,621151.0,480550.0,478091.0,141218.0,0.0,0.4838709677419355
2025-03-17,11161098.0,1068834.0,779110.0,440610.0,0.0,209458.0,0.0,0.49032258064516127
2025-03-24,11273412.0,1274184.0,973322.0,243958.0,0.0,139368.0,0.0,0.4967741935483871
2025-03-31,9816871.0,1465829.0,600030.0,178204.0,0.0,110100.0,0.0,0.5032258064516129
2025-04-07,10036394.0,820235.0,509481.0,407682.0,0.0,147459.0,0.0,0.5096774193548387
2025-04-14,9211777.0,1032179.0,350762.0,339116.0,596644.0,205488.0,0.0,0.5161290322580645
2025-04-21,9347588.0,737906.0,576090.0,469773.0,590090.0,111927.0,0.0,0.5225806451612903
2025-04-28,9737539.0,807125.0,460046.0,511398.0,550522.0,114144.0,0.0,0.5290322580645161
2025-05-05,9848240.0,802614.0,525615.0,419830.0,574639.0,177363.0,0.0,0.535483870967742
2025-05-12,9018313.0,628693.0,481889.0,521918.0,0.0,140355.0,0.0,0.5419354838709678
2025-05-19,10162416.0,1041572.0,586026.0,433412.0,0.0,182159.0,0.0,0.5483870967741935
2025-05-26,8504601.0,781781.0,386641.0,481539.0,0.0,149387.0,0.0,0.5548387096774193
2025-06-02,9405373.0,1219563.0,498942.0,312570.0,0.0,185144.0,0.0,0.5612903225806452
2025-06-09,10914219.0,1403499.0,1226062.0,375628.0,414149.0,109959.0,0.0,0.567741935483871
2025-06-16,10411461.0,1389166.0,521858.0,428519.0,386272.0,149457.0,0.0,0.5741935483870968
2025-06-23,10683052.0,1483434.0,547332.0,533068.0,366314.0,140812.0,0.0,0.5806451612903226
2025-06-30,10535071.0,1179627.0,1139654.0,348506.0,400378.0,104154.0,0.0,0.5870967741935483
2025-07-07,11971585.0,1070103.0,1488491.0,480042.0,0.0,93840.0,1.0,0.5935483870967742
2025-07-14,10645229.0,1186287.0,537194.0,364462.0,0.0,184262.0,1.0,0.6
2025-07-21,8444172.0,732380.0,656675.0,383878.0,0.0,135010.0,0.0,0.6064516129032258
2025-07-28,8665302.0,787108.0,784181.0,534748.0,0.0,110382.0,0.0,0.6129032258064516
2025-08-04,9277325.0,605216.0,924362.0,199117.0,626190.0,145734.0,0.0,0.6193548387096774
2025-08-11,8553098.0,667287.0,468818.0,254093.0,601521.0,210406.0,0.0,0.6258064516129033
2025-08-18,9179908.0,1014678.0,564314.0,238102.0,480437.0,75672.0,0.0,0.632258064516129
2025-08-25,9106606.0,685913.0,728701.0,176743.0,424698.0,95741.0,0.0,0.6387096774193548
2025-09-01,9208886.0,803475.0,668891.0,315473.0,0.0,113723.0,0.0,0.6451612903225806
2025-09-08,10184997.0,1328975.0,546148.0,519968.0,0.0,232523.0,0.0,0.6516129032258065
2025-09-15,8734904.0,808771.0,580259.0,362040.0,0.0,163271.0,0.0,0.6580645161290323
2025-09-22,8700273.0,1122877.0,425475.0,428672.0,0.0,188827.0,0.0,0.6645161290322581
2025-09-29,8871126.0,680147.0,565317.0,585631.0,533851.0,106547.0,0.0,0.6709677419354839
2025-10-06,9706692.0,846207.0,561343.0,636608.0,399289.0,107208.0,0.0,0.6774193548387096
2025-10-13,9957425.0,676808.0,635856.0,390437.0,524303.0,171568.0,0.0,0.6838709677419355
2025-10-20,9426542.0,812962.0,522225.0,642405.0,347548.0,152645.0,0.0,0.6903225806451613
2025-10-27,9144423.0,1158043.0,675069.0,413108.0,0.0,176842.0,0.0,0.6967741935483871
2025-11-03,8710770.0,536035.0,772868.0,298382.0,0.0,141788.0,0.0,0.7032258064516129
2025-11-10,9341984.0,1025281.0,623773.0,324870.0,0.0,163054.0,0.0,0.7096774193548387
2025-11-17,9463873.0,966533.0,655153.0,238240.0,0.0,157287.0,0.0,0.7161290322580646
2025-11-24,9363390.0,753064.0,608027.0,293130.0,273726.0,189420.0,0.0,0.7225806451612903
2025-12-01,9434201.0,583228.0,600013.0,352891.0,374474.0,191089.0,0.0,0.7290322580645161
2025-12-08,9807199.0,919687.0,500967.0,529916.0,464594.0,92266.0,0.0,0.7354838709677419
2025-12-15,10807141.0,767814.0,649403.0,730503.0,382441.0,76436.0,0.0,0.7419354838709677
2025-12-22,9798722.0,965067.0,585583.0,246584.0,0.0,202585.0,0.0,0.7483870967741936
2025-12-29,10502861.0,905919.0,1012544.0,458956.0,0.0,214209.0,0.0,0.7548387096774194
2026-01-05,13016520.0,1964579.0,1066983.0,277904.0,0.0,110437.0,1.0,0.7612903225806451
2026-01-12,11445347.0,1130814.0,792912.0,472297.0,0.0,85857.0,1.0,0.7677419354838709
2026-01-19,10740924.0,893771.0,594956.0,382063.0,530314.0,154523.0,0.0,0.7741935483870968
2026-01-26,10893830.0,1282135.0,545198.0,210745.0,747988.0,198321.0,0.0,0.7806451612903226
2026-02-02,11965069.0,1297894.0,969749.0,553559.0,368343.0,257215.0,0.0,0.7870967741935484
2026-02-09,12922624.0,1826680.0,768883.0,323667.0,532119.0,175129.0,0.0,0.7935483870967742
2026-02-16,11730793.0,1560923.0,811827.0,331822.0,0.0,134172.0,0.0,0.8
2026-02-23,11692286.0,1352298.0,465497.0,275077.0,0.0,114743.0,0.0,0.8064516129032258
2026-03-02,12016877.0,1884636.0,907879.0,318132.0,0.0,150516.0,0.0,0.8129032258064516
2026-03-09,10592829.0,850539.0,806623.0,464623.0,0.0,137120.0,0.0,0.8193548387096774
2026-03-16,10621169.0,1002823.0,545468.0,374364.0,438983.0,110622.0,0.0,0.8258064516129032
2026-03-23,10418135.0,920141.0,639937.0,448764.0,612628.0,277345.0,0.0,0.832258064516129
2026-03-30,11033101.0,1080908.0,769069.0,454018.0,531139.0,256258.0,0.0,0.8387096774193549
2026-04-06,10669071.0,595493.0,607922.0,635045.0,320816.0,210914.0,0.0,0.8451612903225807
2026-04-13,10673104.0,1088918.0,557737.0,354777.0,0.0,113793.0,0.0,0.8516129032258064
2026-04-20,9729352.0,841956.0,584676.0,238547.0,0.0,193861.0,0.0,0.8580645161290322
2026-04-27,10134875.0,578913.0,563369.0,581140.0,0.0,181730.0,0.0,0.864516129032258
2026-05-04,10093849.0,663628.0,623326.0,356183.0,0.0,171297.0,0.0,0.8709677419354839
2026-05-11,11439353.0,988757.0,866795.0,590856.0,426433.0,218227.0,0.0,0.8774193548387097
2026-05-18,10314983.0,1157286.0,315849.0,457440.0,572430.0,181498.0,0.0,0.8838709677419355
2026-05-25,11737392.0,1638299.0,565504.0,382056.0,605067.0,187287.0,0.0,0.8903225806451613
2026-06-01,12044425.0,2912183.0,752484.0,451934.0,559270.0,181582.0,0.0,0.896774193548387
2026-06-08,11866679.0,1375843.0,775300.0,791808.0,0.0,166147.0,0.0,0.9032258064516129
2026-06-15,10428068.0,902924.0,656073.0,827499.0,0.0,87843.0,0.0,0.9096774193548387
2026-06-22,9326936.0,640908.0,464086.0,409832.0,0.0,153811.0,0.0,0.9161290322580645
2026-06-29,10274756.0,1316606.0,781527.0,423067.0,0.0,126948.0,0.0,0.9225806451612903
2026-07-06,11610610.0,952049.0,1108861.0,582978.0,350260.0,102175.0,1.0,0.9290322580645162
2026-07-13,11528222.0,1072655.0,490677.0,297521.0,559022.0,248435.0,1.0,0.9354838709677419
2026-07-20,10578187.0,1011177.0,893555.0,449457.0,408691.0,251976.0,0.0,0.9419354838709677
2026-07-27,10617283.0,1164750.0,663229.0,396396.0,362835.0,225518.0,0.0,0.9483870967741935
2026-08-03,10177375.0,1239160.0,590872.0,446452.0,0.0,161936.0,0.0,0.9548387096774194
2026-08-10,9396813.0,943418.0,461142.0,298803.0,0.0,224938.0,0.0,0.9612903225806452
2026-08-17,9154882.0,858172.0,551872.0,229319.0,0.0,150543.0,0.0,0.967741935483871
2026-08-24,9433909.0,659643.0,830428.0,193624.0,0.0,159409.0,0.0,0.9741935483870968
2026-08-31,9525555.0,544566.0,694084.0,270529.0,447844.0,108050.0,0.0,0.9806451612903225
2026-09-07,10581408.0,777826.0,925198.0,340675.0,504030.0,168972.0,0.0,0.9870967741935484
2026-09-14,10273484.0,885595.0,805355.0,360989.0,534770.0,152742.0,0.0,0.9935483870967742
2026-09-21,11457565.0,1529619.0,669614.0,787998.0,428243.0,101478.0,0.0,1.0
