date,revenue,tv,ooh,print,facebook,search,competitor_sales,newsletter,trend,holiday
2015-11-23,2754371.66666667,22358.346666666668,0.0,12728.488888888895,7607.1329148046,0.0,0.8137425083191935,0.20160494873180307,0.0,0.0
2015-11-30,2584276.66666667,28613.453333333335,0.0,0.0,1141.9524503541534,4133.333333333333,0.7913623606899407,0.15369508292115217,0.004830917874396135,0.0
2015-12-07,2547386.66666667,0.0,132278.4,453.8666666666666,4256.375377826566,3786.6666666666665,0.8312880793514745,0.15112847583025063,0.00966183574879227,0.0
2015-12-14,2875220.0,83450.30666666667,0.0,17680.0,2800.490676851047,4253.333333333333,0.8135295834384103,0.02909514111143439,0.014492753623188404,0.0
2015-12-21,2215953.33333333,0.0,277336.0,0.0,689.5826051920267,3613.3333333333335,0.7116843880392704,0.1608337836152791,0.01932367149758454,1.0
2015-12-28,2569921.66666667,33225.306666666664,0.0,31922.311111111067,5337.005173401901,3773.3333333333335,0.7108082512297264,0.1435741302631032,0.024154589371980676,1.0
2016-01-04,2171506.66666667,687.0533333333333,226753.6,0.0,3623.0122328703333,3706.6666666666665,0.6985025752292848,0.29944095764578743,0.02898550724637681,0.0
2016-01-11,2464131.66666667,2952.226666666667,0.0,23581.288888888932,4129.8161531585,4266.666666666667,0.7463561902751218,0.19828338667442538,0.033816425120772944,0.0
2016-01-18,2012520.0,0.0,0.0,0.0,3623.0122328703333,3053.3333333333335,0.6713809931193014,0.2044868864042562,0.03864734299516908,0.0
2016-01-25,1738911.66666667,0.0,0.0,11243.911111111107,3002.6905850796934,3053.3333333333335,0.5543852810618441,0.1568539839561079,0.043478260869565216,0.0
2016-02-01,1772306.66666667,16511.826666666664,42477.333333333336,0.0,0.0,2746.6666666666665,0.5488472311052204,0.1017810382808928,0.04830917874396135,0.0
2016-02-08,1809058.33333333,0.0,0.0,4763.55555555556,3564.3821977866332,2693.3333333333335,0.588149698810445,0.11301384097427158,0.05314009661835749,0.0
2016-02-15,1952740.0,66276.44,0.0,2448.4,1448.5977402309134,0.0,0.5831824197360332,0.20160494873180307,0.05797101449275362,0.0
2016-02-22,1507805.0,0.0,0.0,0.0,0.0,0.0,0.503480510563017,0.20160494873180307,0.06280193236714976,0.0
2016-02-29,1510391.66666667,41556.293333333335,0.0,0.0,2415.5964039805863,2293.3333333333335,0.4568488599905736,0.006058024024273661,0.06763285024154589,0.0
2016-03-07,1588840.0,0.0,0.0,16506.088888888935,0.0,2826.6666666666665,0.5003845868025433,0.08545658589301301,0.07246376811594203,0.0
2016-03-14,1605990.0,19772.44,43994.13333333333,0.0,0.0,2373.3333333333335,0.4946176876678436,0.05518724801529573,0.07729468599033816,0.0
2016-03-21,1356010.0,0.0,0.0,0.0,0.0,2293.3333333333335,0.45272907402114143,0.07718525291990523,0.08212560386473429,1.0
2016-03-28,2103936.66666667,0.0,66088.53333333334,13579.422222222267,6471.048405194633,2533.3333333333335,0.4513805163919108,0.10417099630076063,0.08695652173913043,1.0
2016-04-04,1120835.0,0.0,0.0,0.0,20.837311403842502,1906.6666666666667,0.3744216926185975,0.09830001246934619,0.09178743961352656,0.0
2016-04-11,1141140.0,0.0,66413.86666666667,0.0,0.0,1866.6666666666667,0.37746854150062165,0.030799285090818404,0.0966183574879227,0.0
2016-04-18,1166880.0,11126.733333333332,0.0,0.0,2348.6878533048166,1786.6666666666667,0.3668983134466569,0.12119165385094975,0.10144927536231883,0.0
2016-04-25,888806.666666667,0.0,0.0,0.0,0.0,1800.0,0.29650030015798107,0.06564071657176108,0.10628019323671498,1.0
2016-05-02,898873.333333333,0.0,0.0,12518.577777777775,0.0,1266.6666666666667,0.2866263344611208,0.056195186832370424,0.1111111111111111,1.0
2016-05-09,889373.333333334,0.0,49957.86666666667,0.0,0.0,1426.6666666666667,0.29459599456851265,0.019743131468473337,0.11594202898550723,0.0
2016-05-16,1915375.0,0.0,0.0,0.0,3673.9307739778337,0.0,0.30437922181664784,0.20160494873180307,0.12077294685990338,1.0
2016-05-23,1006845.0,0.0,124442.66666666667,0.0,0.0,0.0,0.3297513345863118,0.20160494873180307,0.12560386473429952,0.0
2016-05-30,869198.333333334,0.0,0.0,0.0,0.0,1346.6666666666667,0.28996723200258956,0.09355126979508707,0.13043478260869565,0.0
2016-06-06,727250.0,0.0,0.0,0.0,0.0,1200.0,0.24311644707494695,0.04473377945883038,0.13526570048309178,0.0
2016-06-13,753730.0,0.0,0.0,0.0,0.0,1520.0,0.2520411644086547,0.07499272621472214,0.1400966183574879,0.0
2016-06-20,999196.666666667,20472.386666666665,123908.26666666666,0.0,2553.15584799705,1626.6666666666667,0.3016956271879634,0.020605594579990855,0.14492753623188406,0.0
2016-06-27,845843.333333333,0.0,0.0,0.0,0.0,1506.6666666666667,0.28309795085341216,0.03571428571428571,0.1497584541062802,0.0
2016-07-04,1126016.66666667,10121.013333333334,0.0,5168.400000000001,0.0,1746.6666666666667,0.349510783553546,0.043091982210399435,0.15458937198067632,0.0
2016-07-11,1140978.33333333,0.0,0.0,0.0,0.0,1906.6666666666667,0.38129447911623554,0.08810632195851864,0.15942028985507245,0.0
2016-07-18,1242656.66666667,1900.4133333333332,319643.2,4780.666666666667,3552.8149568223666,1426.6666666666667,0.38303483455055726,0.06596284134835197,0.16425120772946858,0.0
2016-07-25,1293483.33333333,0.0,0.0,0.0,0.0,1946.6666666666667,0.43136137118014667,0.14300261856270002,0.16908212560386474,0.0
2016-08-01,1484843.33333333,28180.25333333333,164217.06666666668,0.0,5102.031415774433,2280.0,0.44033926965764364,0.12304127353589094,0.17391304347826086,0.0
2016-08-08,1485698.33333333,0.0,0.0,807.7777777777774,0.0,2533.3333333333335,0.49486937168732054,0.1783324327694418,0.178743961352657,0.0
2016-08-15,1556608.33333333,28630.680000000004,0.0,0.0,1011.8776916675266,0.0,0.47693600896247496,0.20160494873180307,0.18357487922705312,0.0
2016-08-22,1391206.66666667,0.0,0.0,13979.733333333332,641.83938513355,0.0,0.4416221270414398,0.20160494873180307,0.18840579710144928,0.0
2016-08-29,2018783.33333333,23991.160000000003,159645.86666666667,0.0,0.0,3080.0,0.6074289150385659,0.02548942183798163,0.1932367149758454,0.0
2016-09-05,2170721.66666667,21261.84,87810.13333333335,3081.3777777777736,62.79691098017434,3173.3333333333335,0.652272938048875,0.03310611413608213,0.19806763285024154,0.0
2016-09-12,2247670.0,0.0,160115.73333333334,0.0,0.0,3333.3333333333335,0.7322243278794786,0.11686894717153663,0.20289855072463767,0.0
2016-09-19,2192026.66666667,0.0,32694.399999999998,25536.622222222268,4537.618099311167,3400.0,0.6662973364759951,0.15877634149382766,0.2077294685990338,0.0
2016-09-26,1895213.33333333,0.0,162375.46666666667,0.0,0.0,2973.3333333333335,0.6177974353268216,0.029988777588428446,0.21256038647342995,0.0
2016-10-03,2232910.0,144536.64,121869.86666666665,9813.15555555556,3147.1676928100896,3373.3333333333335,0.6405047821966757,0.14617191071948127,0.21739130434782608,1.0
2016-10-10,2406035.0,0.0,0.0,10723.777777777774,3614.1666956623335,3986.6666666666665,0.7723686801321457,0.250405253751195,0.2222222222222222,0.0
2016-10-17,2252445.0,81389.34666666666,29795.733333333334,0.0,5324.417293529,3720.0,0.6744338511701153,0.2758842844673511,0.22705314009661834,0.0
2016-10-24,2663125.0,0.0,158912.53333333333,9360.977777777773,5865.922936710033,4080.0,0.8369408042791692,0.18421380772268173,0.23188405797101447,0.0
2016-10-31,2974771.66666667,93994.78666666667,0.0,0.0,6407.428579891067,4893.333333333333,0.8951272852117761,0.14536140321709132,0.23671497584541062,0.0
2016-11-07,2826128.33333333,0.0,142602.13333333333,11543.822222222227,6954.9446522006,4160.0,0.8845702773291488,0.30576915083752443,0.24154589371980675,0.0
2016-11-14,3182900.0,52324.386666666665,0.0,0.0,5332.015383182,0.0,0.9599270567031176,0.20160494873180307,0.24637681159420288,0.0
2016-11-21,2964696.66666667,6957.053333333333,145018.13333333333,7293.066666666667,6682.093850631267,0.0,0.9043255198782302,0.20160494873180307,0.25120772946859904,0.0
2016-11-28,2848525.0,0.0,0.0,4142.933333333333,4731.879704917267,9533.333333333334,0.9348437846466138,0.2903383349266387,0.25603864734299514,0.0
2016-12-05,2740160.0,14254.4,239080.53333333333,0.0,1656.4678646185232,8400.0,0.8247081396795231,0.5327839893594912,0.2608695652173913,0.0
2016-12-12,2380508.33333333,0.0,0.0,0.0,3030.361239935437,7346.666666666667,0.7916618176012961,0.2037283345109938,0.26570048309178745,0.0
2016-12-19,2230915.0,0.0,334920.0,0.0,1011.8776916675266,6893.333333333333,0.7138332667984811,0.04627166548900619,0.27053140096618356,1.0
2016-12-26,3659425.0,107721.01333333332,0.0,0.0,7226.548006214966,7733.333333333333,0.7742163993821773,0.005808637100461366,0.2753623188405797,1.0
2017-01-02,2827008.33333333,41054.346666666665,453696.0,27998.13333333333,4281.210924602833,7373.333333333333,0.750978843519442,0.4832599027390997,0.2801932367149758,0.0
2017-01-09,2042143.33333333,0.0,0.0,0.0,5472.976956893833,7080.0,0.6825920990246919,0.2262251132632279,0.28502415458937197,0.0
2017-01-16,2113358.33333333,5913.293333333332,0.0,1535.6444444444398,5987.719179804567,6706.666666666667,0.6711248022232322,0.3673365476536847,0.2898550724637681,0.0
2017-01-23,2179918.33333333,0.0,0.0,10780.977777777773,6502.4614027153,7000.0,0.7008720906358923,0.14545492331352092,0.2946859903381642,0.0
2017-01-30,2370613.33333333,40244.96,0.0,0.0,4280.643902986933,7226.666666666667,0.7108169645244714,0.28487260484641924,0.2995169082125604,0.0
2017-02-06,1814556.66666667,0.0,0.0,0.0,0.0,5586.666666666667,0.6057923179186803,0.04244773265721767,0.3043478260869565,0.0
2017-02-13,1951668.33333333,0.0,127723.73333333334,0.0,8260.4552206404,0.0,0.6300013560690902,0.20160494873180307,0.30917874396135264,0.0
2017-02-20,1918238.33333333,0.0,0.0,10691.022222222227,0.0,0.0,0.6147018120247875,0.20160494873180307,0.3140096618357488,0.0
2017-02-27,1472390.0,0.0,0.0,0.0,13900.619233961634,4506.666666666667,0.4809394173630125,0.27594663119830415,0.3188405797101449,0.0
2017-03-06,1477865.0,0.0,0.0,14027.777777777732,0.0,4666.666666666667,0.4695911021035897,0.12751984704268673,0.32367149758454106,0.0
2017-03-13,1300166.66666667,10360.880000000001,0.0,0.0,0.0,4213.333333333333,0.4125612860101944,0.27008603848871526,0.32850241545893716,0.0
2017-03-20,1160205.0,0.0,0.0,19853.82222222227,0.0,3773.3333333333335,0.3623902350205944,0.23583690095182677,0.3333333333333333,0.0
2017-03-27,1356871.66666667,0.0,24476.266666666666,0.0,2615.8684387151898,4800.0,0.4483684205360539,0.27436718068082633,0.33816425120772947,0.0
2017-04-03,1355833.33333333,0.0,0.0,0.0,0.0,4560.0,0.4530301333775074,0.012936946672762791,0.3429951690821256,0.0
2017-04-10,1176266.66666667,0.0,500361.60000000003,0.0,0.0,3666.6666666666665,0.3716821125673553,0.011700403175526829,0.34782608695652173,1.0
2017-04-17,1955281.66666667,7469.053333333333,0.0,0.0,0.0,3546.6666666666665,0.3062557850768703,0.12434016376407997,0.35265700483091783,1.0
2017-04-24,1029928.33333333,0.0,296154.6666666667,0.0,0.0,3266.6666666666665,0.3314401113218549,0.1859699073111933,0.357487922705314,0.0
2017-05-01,2263143.33333333,36622.920000000006,0.0,0.0,0.0,2600.0,0.28311828187448407,0.06288706928800034,0.36231884057971014,1.0
2017-05-08,813771.666666667,0.0,306346.13333333336,0.0,0.0,2680.0,0.2608808520039877,0.09409160813001372,0.36714975845410625,0.0
2017-05-15,880871.666666667,0.0,0.0,0.0,0.0,0.0,0.29449894649255837,0.20160494873180307,0.3719806763285024,0.0
2017-05-22,919185.0,0.0,41006.4,0.0,3978.534786037367,0.0,0.3029604570653904,0.20160494873180307,0.37681159420289856,1.0
2017-05-29,826321.666666667,0.0,0.0,7174.711111111107,0.0,2173.3333333333335,0.26851580140979103,0.060039901907809966,0.38164251207729466,0.0
2017-06-05,833798.333333333,9125.466666666667,42486.933333333334,0.0,3092.053191744964,2680.0,0.2613713003300436,0.020657550189118416,0.3864734299516908,1.0
2017-06-12,746271.666666667,0.0,0.0,0.0,0.0,2226.6666666666665,0.24908795840693732,0.04981503803150588,0.3913043478260869,0.0
2017-06-19,1036406.66666667,36259.68,0.0,0.0,31.2705091363358,3173.3333333333335,0.31540354272549054,0.05382601105615362,0.3961352657004831,0.0
2017-06-26,927931.666666667,0.0,158632.0,4659.422222222227,0.0,2666.6666666666665,0.29675999640251094,0.010889895673136871,0.40096618357487923,0.0
2017-07-03,1126943.33333333,4560.759999999999,0.0,9573.066666666668,6650.113831494699,3786.6666666666665,0.3490460745004728,0.11406334427864832,0.40579710144927533,0.0
2017-07-10,1184220.0,0.0,0.0,0.0,0.0,3720.0,0.395660298483426,0.07079471299721518,0.4106280193236715,0.0
2017-07-17,1315508.33333333,9863.800000000001,108181.33333333333,24957.511111111064,0.0,3853.3333333333335,0.3806598107392259,0.024533438630034498,0.4154589371980676,0.0
2017-07-24,1279360.0,0.0,0.0,0.0,0.0,3866.6666666666665,0.42708644850312605,0.15705141527079264,0.42028985507246375,0.0
2017-07-31,1455811.66666667,11384.919999999998,205440.0,1452.4444444444398,0.0,4533.333333333333,0.4436214776505993,0.10436842761544536,0.4251207729468599,0.0
2017-08-07,1553355.0,0.0,104866.13333333335,9467.244444444439,0.0,5360.0,0.49244977987413197,0.09279271790182468,0.429951690821256,0.0
2017-08-14,1374855.0,34047.05333333334,0.0,0.0,0.0,0.0,0.42052493694879645,0.20160494873180307,0.43478260869565216,0.0
2017-08-21,1970110.0,0.0,0.0,11348.177777777773,1342.67810238147,0.0,0.628561158615816,0.20160494873180307,0.43961352657004826,0.0
2017-08-28,2336431.66666667,117889.12,0.0,0.0,898.9269857809667,7000.0,0.702075126227598,0.35030549898167007,0.4444444444444444,0.0
2017-09-04,2002065.0,0.0,0.0,0.0,0.0,6493.333333333333,0.6689447759391279,0.20782243651024565,0.4492753623188406,0.0
2017-09-11,2027418.33333333,48869.26666666666,150164.80000000002,4610.35555555556,621.7668199308199,5586.666666666667,0.589920500699968,0.02353589093478532,0.4541062801932367,0.0
2017-09-18,1886570.0,0.0,0.0,0.0,0.0,6440.0,0.6299425663677639,0.1654682239494576,0.45893719806763283,0.0
2017-09-25,2529721.66666667,83663.84000000001,144563.73333333334,0.0,2529.000727159863,7640.0,0.7421991474591932,0.2528783407456669,0.46376811594202894,0.0
2017-10-02,2357930.0,111304.45333333332,58363.200000000004,0.0,0.0,7346.666666666667,0.7810991010083185,0.3066420050708675,0.4685990338164251,1.0
2017-10-09,3003391.66666667,44637.786666666674,327236.26666666666,18504.933333333334,5348.572414366166,8013.333333333333,0.8160216858883285,0.16062596117876887,0.47342995169082125,0.0
2017-10-16,2283685.0,0.0,0.0,0.0,4190.374061736234,7586.666666666667,0.7628705879430836,0.456856062180473,0.47826086956521735,0.0
2017-10-23,2584721.66666667,44360.50666666666,46091.200000000004,0.0,4731.879704917267,7920.0,0.7767899260691964,0.3638555218421381,0.4830917874396135,0.0
2017-10-30,2565400.0,4645.2266666666665,0.0,0.0,5273.385348098301,8466.666666666666,0.8320598569297033,0.04934743754935783,0.48792270531400966,1.0
2017-11-06,3407085.0,21149.013333333332,318524.26666666666,23039.911111111065,3552.8149568223666,9826.666666666666,0.9297690416036789,0.2695768735192651,0.49275362318840576,0.0
2017-11-13,2803291.66666667,0.0,0.0,0.0,7600.101846767499,0.0,0.9369724325375658,0.20160494873180307,0.4975845410628019,0.0
2017-11-20,3303155.0,55227.333333333336,105305.06666666667,1346.0888888888933,3279.9641552530197,0.0,0.9676768813856181,0.20160494873180307,0.5024154589371981,0.0
2017-11-27,3103743.33333333,0.0,0.0,9601.777777777774,2463.79324133178,15013.333333333334,1.0,0.43090943098216883,0.5072463768115941,0.0
2017-12-04,2793875.0,28923.546666666665,87842.13333333335,0.0,1656.4678646185232,12733.333333333334,0.8442895169449546,0.1676711417764662,0.5120772946859903,0.0
2017-12-11,2260396.66666667,0.0,0.0,0.0,3030.361239935437,11120.0,0.7555701489332424,0.3926181470551561,0.5169082125603864,0.0
2017-12-18,2399176.66666667,63749.05333333334,91841.59999999999,0.0,1011.8776916675266,11666.666666666666,0.7278354313010792,0.4494264100752317,0.5217391304347826,0.0
2017-12-25,3827520.0,90415.72000000002,0.0,15034.4444444444,7226.548006214966,10080.0,0.6844457272907002,0.597728500768943,0.5265700483091788,1.0
2018-01-01,3109461.66666667,0.0,0.0,5291.688888888893,4281.210924602833,10653.333333333334,0.6901962013640413,0.8065277027307868,0.5314009661835749,1.0
2018-01-08,2228128.33333333,0.0,3947.2000000000003,0.0,5472.976956893833,10840.0,0.736658393376614,0.7744191362899538,0.536231884057971,0.0
2018-01-15,2202593.33333333,39089.24,0.0,15480.666666666666,0.0,10080.0,0.6370110514623212,0.10800532025437466,0.5410628019323671,0.0
2018-01-22,1918293.33333333,0.0,56811.200000000004,19347.422222222267,0.0,9226.666666666666,0.5946124596909965,0.10120952658048964,0.5458937198067633,0.0
2018-01-29,1862458.33333333,25169.2,0.0,0.0,0.0,8960.0,0.5729977800127435,0.14062305166465772,0.5507246376811594,0.0
2018-02-05,1975951.66666667,0.0,0.0,4746.8,472.98034791961,10613.333333333334,0.64774482906018,0.5829627166548901,0.5555555555555556,0.0
2018-02-12,1827318.33333333,9165.213333333335,54185.6,0.0,0.0,0.0,0.5757905412077748,0.20160494873180307,0.5603864734299516,0.0
2018-02-19,1656268.33333333,0.0,0.0,6311.422222222227,0.0,0.0,0.539797523060686,0.20160494873180307,0.5652173913043478,0.0
2018-02-26,1703790.0,12356.106666666667,56171.200000000004,10002.800000000001,0.0,7413.333333333333,0.512183189109944,0.20080842927802486,0.5700483091787439,0.0
2018-03-05,1488115.0,0.0,0.0,0.0,0.0,7360.0,0.4968838453712675,0.18785070036161103,0.5748792270531401,0.0
2018-03-12,1727330.0,53120.253333333334,90604.26666666666,20486.8,0.0,7080.0,0.4831255529687197,0.0905170622220375,0.5797101449275363,0.0
2018-03-19,1208246.66666667,0.0,0.0,0.0,0.0,5960.0,0.40424119120954755,0.13486637017332392,0.5845410628019323,0.0
2018-03-26,1388960.0,19743.84,81915.2,2989.15555555556,0.0,6333.333333333333,0.4197808015470004,0.24845172284799866,0.5893719806763285,1.0
2018-04-02,2408331.66666667,0.0,0.0,0.0,0.0,5520.0,0.3589471816097001,0.10980298433018829,0.5942028985507246,1.0
2018-04-09,1131721.66666667,0.0,11257.6,0.0,0.0,5973.333333333333,0.37770840748814544,0.42945467392659714,0.5990338164251208,0.0
2018-04-16,950015.0,0.0,0.0,0.0,2113.260478384643,4973.333333333333,0.31723523752541627,0.2246144893802735,0.6038647342995169,0.0
2018-04-23,801298.333333333,0.0,158353.6,0.0,0.0,3693.3333333333335,0.26083868766964635,0.02627914709672056,0.608695652173913,0.0
2018-04-30,779838.333333334,0.0,0.0,0.0,12800.597299122666,3173.3333333333335,0.25530324168616475,0.07103370879920196,0.6135265700483091,1.0
2018-05-07,889546.666666667,0.0,59674.13333333333,0.0,0.0,4720.0,0.29419107674489736,0.003429070202419053,0.6183574879227053,1.0
2018-05-14,862850.0,0.0,0.0,6803.64444444444,13040.447442646831,0.0,0.2756250486993054,0.20160494873180307,0.6231884057971014,0.0
2018-05-21,2601601.66666667,947.1066666666667,26288.533333333336,0.0,0.0,0.0,0.3085574970289668,0.20160494873180307,0.6280193236714976,1.0
2018-05-28,905008.333333334,0.0,0.0,4205.422222222227,1009.0425835880434,4640.0,0.29616719190140317,0.2968535683112349,0.6328502415458936,0.0
2018-06-04,910551.666666667,0.0,0.0,0.0,0.0,4720.0,0.30401576725768176,0.277526081715782,0.6376811594202898,0.0
2018-06-11,923853.333333333,8314.68,0.0,5424.666666666667,0.0,4533.333333333333,0.289006866677176,0.07975186001080677,0.642512077294686,0.0
2018-06-18,982420.0,0.0,17462.933333333334,0.0,0.0,5413.333333333333,0.3268322806938827,0.24268465023483934,0.6473429951690821,0.0
2018-06-25,1056811.66666667,0.0,0.0,10384.133333333333,3756.9427385450667,5160.0,0.33742884893770914,0.17653476869362816,0.6521739130434783,0.0
2018-07-02,932326.666666667,14621.946666666669,168101.33333333334,0.0,0.0,3933.3333333333335,0.284423172877176,0.15226110810923146,0.6570048309178743,0.0
2018-07-09,1126221.66666667,0.0,0.0,11487.911111111107,8079.802133815833,5186.666666666667,0.356139798103947,0.15735275780373248,0.6618357487922705,0.0
2018-07-16,1140006.66666667,8855.786666666665,59517.86666666667,0.0,0.0,5146.666666666667,0.35954940047524514,0.0936551810133422,0.6666666666666666,0.0
2018-07-23,1479303.33333333,9728.893333333333,0.0,5172.666666666667,0.0,6920.0,0.46131617622167903,0.23356124527203956,0.6714975845410628,0.0
2018-07-30,1647193.33333333,0.0,0.0,0.0,0.0,7746.666666666667,0.550296342158866,0.09254333097801239,0.6763285024154589,0.0
2018-08-06,2009478.33333333,13041.493333333332,92574.40000000001,7200.133333333334,0.0,8773.333333333334,0.6054555040080154,0.6163805644457375,0.681159420289855,0.0
2018-08-13,1523443.33333333,0.0,0.0,0.0,4450.7503877558665,0.0,0.5042999608803111,0.20160494873180307,0.6859903381642511,0.0
2018-08-20,1420118.33333333,61563.12,106432.0,0.0,0.0,0.0,0.4215046317671503,0.20160494873180307,0.6908212560386473,0.0
2018-08-27,1673551.66666667,0.0,0.0,0.0,4508.473188254101,8586.666666666666,0.5550122376722403,0.4989816700610998,0.6956521739130435,0.0
2018-09-03,2061091.66666667,11661.413333333336,68213.33333333333,772.444444444444,0.0,9733.333333333334,0.6407159043268219,0.7362629369466728,0.7004830917874396,0.0
2018-09-10,2144110.0,0.0,0.0,536.0,0.0,10506.666666666666,0.7148555265624289,0.4803296063843053,0.7053140096618357,0.0
2018-09-17,2058653.33333333,0.0,46120.53333333333,9685.066666666668,3402.8944415793667,9360.0,0.6551293964330775,0.7792821813042936,0.7101449275362318,0.0
2018-09-24,2208345.0,887.9333333333334,29320.0,0.0,0.0,10893.333333333334,0.7294583074855615,0.01087950455131136,0.714975845410628,0.0
2018-10-01,2603008.33333333,156703.44,26227.2,2698.44444444444,916.8448688432933,12346.666666666666,0.7897043308680385,0.35817157820358286,0.7198067632850241,1.0
2018-10-08,2313193.33333333,0.0,0.0,2589.8222222222266,2015.8461647736467,11493.333333333334,0.7622299103972842,0.23101542042478906,0.7246376811594203,0.0
2018-10-15,2813106.66666667,44489.52,63107.200000000004,1039.1111111111106,2442.5866328972565,12760.0,0.8376900474744365,0.5134149382767363,0.7294685990338164,0.0
2018-10-22,2665110.0,0.0,0.0,0.0,0.0,13493.333333333334,0.8912387520879358,0.5151398644997714,0.7342995169082125,0.0
2018-10-29,2947875.0,25289.97333333333,0.0,2128.133333333333,7931.809492066866,13800.0,0.8901389740466003,0.43929506629535725,0.7391304347826086,0.0
2018-11-05,2768941.66666667,0.0,145392.0,1455.5111111111066,0.0,14053.333333333334,0.899610325434548,0.26322789808387714,0.7439613526570048,0.0
2018-11-12,2666240.0,57350.920000000006,0.0,0.0,8728.474862401266,0.0,0.7970792835708724,0.20160494873180307,0.748792270531401,0.0
2018-11-19,2559550.0,0.0,47053.333333333336,0.0,0.0,0.0,0.8480655784596137,0.20160494873180307,0.7536231884057971,0.0
2018-11-26,2653766.66666667,53525.200000000004,0.0,15129.466666666667,7003.5951068445,16000.0,0.7548310211721044,0.003127727669479197,0.7584541062801932,0.0
2018-12-03,2144703.33333333,0.0,53558.93333333333,0.0,0.0,13986.666666666666,0.7108122573422528,0.3619435554262438,0.7632850241545893,0.0
2018-12-10,2451681.66666667,0.0,0.0,6282.666666666667,0.0,15773.333333333334,0.8001552769215269,0.7148260526206409,0.7681159420289855,0.0
2018-12-17,2469486.66666667,0.0,15363.733333333332,0.0,0.0,15546.666666666666,0.8228273700011478,0.3865393407872314,0.7729468599033816,0.0
2018-12-24,3208150.0,158046.57333333333,0.0,7451.95555555556,9068.007406000032,17146.666666666668,0.813802099243025,0.8402780664200508,0.7777777777777778,1.0
2018-12-31,2746851.66666667,51379.90666666667,0.0,0.0,0.0,14493.333333333334,0.7325219820401969,0.5612348809177439,0.7826086956521738,1.0
2019-01-07,2566165.0,0.0,329.59999999999997,903.6,1475.81477779394,17026.666666666668,0.8511259479714148,1.0,0.78743961352657,0.0
2019-01-14,2554828.33333333,11583.973333333333,0.0,735.1111111111107,0.0,16293.333333333334,0.8039865226362384,0.8378049794255787,0.7922705314009661,0.0
2019-01-21,1959706.66666667,0.0,27275.2,2920.2222222222267,2861.5022027214964,13813.333333333334,0.6409355394460868,0.006536015628247226,0.7971014492753623,0.0
2019-01-28,2424486.66666667,31676.399999999998,0.0,0.0,0.0,15200.0,0.7427157356694845,0.20765617856103746,0.8019323671497585,0.0
2019-02-04,1953060.0,0.0,0.0,4272.04444444444,0.0,13920.0,0.640578995431229,0.5791595660667526,0.8067632850241545,0.0
2019-02-11,2086935.0,12722.840000000002,0.0,1191.9111111111108,2110.31196598198,0.0,0.6502732869812761,0.20160494873180307,0.8115942028985507,0.0
2019-02-18,1675816.66666667,0.0,0.0,501.6888888888893,0.0,0.0,0.5596733495968148,0.20160494873180307,0.8164251207729468,0.0
2019-02-25,1976413.33333333,18120.960000000003,30883.2,645.8222222222226,0.0,12186.666666666666,0.6087971026191763,0.4805166465771645,0.821256038647343,0.0
2019-03-04,1480760.0,0.0,0.0,0.0,0.0,9946.666666666666,0.494093487843752,0.3842532939856187,0.8260869565217391,0.0
2019-03-11,1425500.0,5490.32,0.0,0.0,0.0,9040.0,0.46043463116022426,0.24928301259403965,0.8309178743961352,0.0
2019-03-18,1156860.0,0.0,0.0,0.0,6120.742450893867,7160.0,0.38248349331409864,0.16673594081217008,0.8357487922705313,0.0
2019-03-25,1252230.0,3483.3866666666668,5765.333333333333,0.0,0.0,7973.333333333333,0.40894506838534234,0.30113471050334595,0.8405797101449275,0.0
2019-04-01,1209373.33333333,0.0,0.0,0.0,3308.6554490173767,7880.0,0.4023308764512894,0.07744503096554305,0.8454106280193237,0.0
2019-04-08,1183801.66666667,47889.81333333333,2057.0666666666666,0.0,0.0,7453.333333333333,0.35937843962317706,0.3897398063094892,0.8502415458937198,0.0
2019-04-15,918593.333333333,0.0,0.0,2996.2222222222267,0.0,6400.0,0.303114492092034,0.454279063967746,0.8550724637681159,1.0
2019-04-22,2303595.0,4878.400000000001,0.0,0.0,1596.9305949494035,6266.666666666667,0.31454473235262365,0.012126439170372833,0.859903381642512,1.0
2019-04-29,890675.0,0.0,0.0,12465.911111111107,2513.1241219147664,5626.666666666667,0.2832766234720937,0.01606467434224199,0.8647342995169082,1.0
2019-05-06,989913.333333334,3695.8933333333334,0.0,0.0,0.0,7280.0,0.32268675545146785,0.3622448979591837,0.8695652173913043,0.0
2019-05-13,915791.666666667,0.0,0.0,2123.733333333333,6455.058395626366,0.0,0.29974835604164835,0.20160494873180307,0.8743961352657005,0.0
2019-05-20,746205.0,29240.38666666667,5769.066666666667,3789.55555555556,0.0,0.0,0.22545129358375007,0.20160494873180307,0.8792270531400965,0.0
2019-05-27,723785.0,0.0,3667.7333333333336,0.0,0.0,5213.333333333333,0.24162487122852047,0.21821355833575792,0.8840579710144927,1.0
2019-06-03,903125.0,0.0,0.0,1391.9111111111067,0.0,6200.0,0.29941604900757574,0.20681449769317095,0.8888888888888888,0.0
2019-06-10,672250.0,0.0,0.0,0.0,49.528605168199,4146.666666666667,0.22436583739469682,0.08345109938068913,0.893719806763285,1.0
2019-06-17,739783.333333334,0.0,0.0,0.0,0.0,4813.333333333333,0.2471482988744226,0.20962010058605926,0.8985507246376812,0.0
2019-06-24,831833.333333334,6160.48,0.0,0.0,0.0,4933.333333333333,0.2676216370938778,0.2799160397356499,0.9033816425120772,0.0
2019-07-01,939896.666666667,0.0,0.0,0.0,0.0,6386.666666666667,0.3136980404701494,0.09053784446568852,0.9082125603864734,0.0
2019-07-08,946510.0,5270.36,0.0,0.0,0.0,6133.333333333333,0.30646941102734554,0.18063926181470552,0.9130434782608695,0.0
2019-07-15,1063913.33333333,0.0,66465.06666666667,0.0,0.0,7720.0,0.3510495313749719,0.04315432894135251,0.9178743961352657,0.0
2019-07-22,1278223.33333333,12049.506666666668,0.0,0.0,2860.1413508433466,8520.0,0.4010190749044893,0.2687248015295731,0.9227053140096618,0.0
2019-07-29,1500828.33333333,0.0,38432.53333333333,0.0,0.0,9520.0,0.4989691270941202,0.018911841722432352,0.9275362318840579,0.0
2019-08-05,1843118.33333333,13009.973333333333,0.0,0.0,15400.391408007568,10813.333333333334,0.5681431728531393,0.4205598736439586,0.932367149758454,0.0
2019-08-12,1443773.33333333,0.0,33946.666666666664,0.0,0.0,0.0,0.4790536400439791,0.20160494873180307,0.9371980676328502,0.0
2019-08-19,1397435.0,0.0,0.0,3220.2666666666664,9744.917811057132,0.0,0.4527161543082435,0.20160494873180307,0.9420289855072463,0.0
2019-08-26,1930413.33333333,0.0,38522.13333333333,0.0,0.0,12986.666666666666,0.6407525602564392,0.4996363107361071,0.9468599033816425,0.0
2019-09-02,2106968.33333333,226.41333333333333,0.0,13731.155555555602,4037.9586513833,12800.0,0.6647845282331781,0.3539320004987738,0.9516908212560387,0.0
2019-09-09,2233758.33333333,49267.799999999996,4244.8,0.0,0.0,13760.0,0.6785216883921488,0.3255018911841722,0.9565217391304347,0.0
2019-09-16,2575148.33333333,0.0,11461.866666666667,14604.311111111065,1330.8840527708267,16093.333333333334,0.8128971184232903,0.7317116255870983,0.9613526570048309,0.0
2019-09-23,2510951.66666667,27816.946666666667,0.0,0.0,0.0,15426.666666666666,0.7714702092452664,0.5289600565277027,0.966183574879227,0.0
2019-09-30,2275620.0,0.0,31455.466666666664,19608.933333333334,0.0,14680.0,0.7070904786523278,0.8253460243567896,0.9710144927536232,1.0
2019-10-07,2505161.66666667,19263.946666666667,0.0,0.0,13859.7936776171,15346.666666666666,0.7615371533886404,0.6056361444781578,0.9758454106280193,0.0
2019-10-14,2456240.0,0.0,32230.933333333334,20496.488888888936,0.0,14946.666666666666,0.7624395302352329,0.2925828172409493,0.9806763285024154,0.0
2019-10-21,2182825.0,20655.68,0.0,0.0,4454.1525174512335,13826.666666666666,0.6711908029271062,0.11060310071075273,0.9855072463768115,0.0
2019-10-28,2377706.66666667,2931.0,7516.8,2330.133333333333,0.0,15293.333333333334,0.7700669681800492,0.09972359615944137,0.9903381642512077,0.0
2019-11-04,2732825.0,2993.7333333333336,0.0,3206.84444444444,0.0,17880.0,0.8829181565232231,0.9371648863211273,0.9951690821256038,0.0
2019-11-11,2767788.33333333,0.0,0.0,0.0,12206.358645663267,0.0,0.9081615729279735,0.20160494873180307,1.0,0.0
