date,baseline,seasonality,controls,tv,ooh,print,facebook,search,actual
2015-11-23,-207736.85005217962,-88291.04290619442,2618179.3063838715,127407.13428353553,0.0,76629.88613346418,80833.3199168178,0.0,2754371.66666667
2015-11-30,-207736.85005217962,-79352.23909585949,2544013.374831757,168140.63177426637,0.0,16947.89073293703,38136.40607522958,19414.570583229917,2584276.66666667
2015-12-07,-207736.85005217962,-70063.71601652753,2671769.8015258205,18024.63749478751,32862.1109994419,8358.462863777035,61135.05945995851,23704.710539883916,2547386.66666667
2015-12-14,-207736.85005217962,-60688.95374765523,2608809.2198067973,318521.74707163195,12693.384058708742,104436.77574450857,52024.69651708764,27991.79310737592,2875220.0
2015-12-21,-207736.85005217962,-51439.08867899671,2615134.895085496,46980.162709168806,70279.59656377701,24655.595793381428,26581.161559150234,27100.108383696766,2215953.33333333
2015-12-28,-207736.85005217962,-42465.505567274755,2611390.017921538,184560.74709059094,29732.9866627323,166362.72161603672,69334.5723936195,28048.252004969614,2569921.66666667
2016-01-04,-207736.85005217962,-33556.439016275086,2252976.3358771265,24230.813617672367,67804.76509554056,44754.06495350729,63098.6738632761,28287.124676325082,2171506.66666667
2016-01-11,-207736.85005217962,-25352.626224796248,2401344.6716642478,21243.81669802261,30030.279946330284,140132.39473643957,67527.16369296696,31016.578499960586,2464131.66666667
2016-01-18,-207736.85005217962,-17508.16323837426,2161225.609761139,2365.344454380514,15970.811649582334,36996.335783514594,63423.76993758159,26672.241966799877,2012520.0
2016-01-25,-207736.85005217962,-9944.080305085205,1783793.1868261867,416.20409781427696,9483.177062262635,80312.8066515636,56271.68579351997,25299.88692771787,1738911.66666667
2016-02-01,-207736.85005217962,-2546.5270030916395,1763264.0313969203,96370.30890694508,16337.905180230595,20626.958691815027,20496.623917996858,23312.560035902006,1772306.66666667
2016-02-08,-207736.85005217962,4818.684038845464,1889694.5475003992,9347.042999978463,7802.194801227812,37513.52943692451,49911.71135293165,22281.56555607554,1809058.33333333
2016-02-15,-207736.85005217962,12290.204225672704,1877989.5206851189,286180.21095272223,3600.0438252736535,25342.981931925864,33771.12511981681,9241.141472986254,1952740.0
2016-02-22,-207736.85005217962,19994.980796490127,1622417.463437298,37359.99303489005,2242.5368821400602,6844.075703647997,12533.8657082823,5007.998087414812,1507805.0
2016-02-29,-207736.85005217962,28032.84484135316,1463327.939450765,216630.72516807483,683.1865392183821,2753.859345349706,33740.2108035855,13848.811575212438,1510391.66666667
2016-03-07,-207736.85005217962,36462.86221708371,1606646.5027513176,24485.73624292147,442.05602121370407,97267.54680066279,11139.506060914473,18439.796047325664,1588840.0
2016-03-14,-207736.85005217962,45292.34942456473,1586591.4113863315,117330.17007338715,11459.855804328718,22492.582780598706,4913.457860246026,17964.92612679781,1605990.0
2016-03-21,-207736.85005217962,54469.29816746049,1779758.48392554,11917.361690706015,4441.997080495841,7311.162013784443,2455.980739877534,17703.966727009192,1356010.0
2016-03-28,-207736.85005217962,63878.74945257586,1776653.4922848265,1861.8110129507438,18760.57352256802,83921.01648368058,71669.9781394461,18826.019687018077,2103936.66666667
2016-04-04,-207736.85005217962,73343.42251288639,1203126.5830137702,376.9240794444635,7513.541918403239,19441.976107831724,22421.845502669807,16307.245176967315,1120835.0
2016-04-11,-207736.85005217962,82628.64924370564,1209510.3213999546,89.00739669151923,20569.73144139945,6551.178948563064,9198.73115746681,15592.083242245335,1141140.0
2016-04-18,-207736.85005217962,91451.40606609485,1179933.3447435754,65935.98677914547,8581.977137986918,2786.031551465681,31655.595841446764,14994.765124598829,1166880.0
2016-04-25,-207736.85005217962,99492.98725486992,1277940.9829072526,6291.782155588986,4503.852211162224,1385.9846773456522,10257.609447809258,14714.52312028693,888806.666666667
2016-05-02,-207736.85005217962,106414.64126383535,1245734.9836718352,948.2354909416504,2658.0908567157608,76054.11483230781,4652.732245192086,11998.118260274046,898873.333333333
2016-05-09,-207736.85005217962,111875.30746972034,942948.2562922226,184.20361339597608,14191.162827485965,17013.91317278956,2511.153264910118,11864.407004574163,889373.333333334
2016-05-16,-207736.85005217962,115550.45585537597,1309527.1389369492,42.85967286308144,5821.729991782761,5593.564114517726,43278.209525749226,4881.2380831976425,1915375.0
2016-05-23,-207736.85005217962,117150.95444653335,1064296.8389528324,11.456164851151035,33728.99963377233,2179.2925171600173,12789.926119384452,2610.3131592856566,1006845.0
2016-05-30,-207736.85005217962,116440.8734935908,931416.1819132486,3.4393051742812335,13579.135135994744,1033.1137804433697,5330.555499750374,7971.537846911537,869198.333333334
2016-06-06,-207736.85005217962,113253.1825696923,778768.0750565274,1.1433148111614753,6667.686248118978,550.5063297199529,2684.269756912517,8646.002013957135,727250.0
2016-06-13,-207736.85005217962,107502.40442111244,808752.3198166407,0.0,3803.4996996100917,321.31538149440814,1364.994116224573,10488.169224569841,753730.0
2016-06-20,-207736.85005217962,99193.45154323005,965170.194991655,117601.3411354916,33165.696617131565,201.64057514886463,30261.460082740618,11615.940001942905,999196.666666667
2016-06-27,-207736.85005217962,88426.07890231971,906196.7566980821,11557.717254542129,13423.536962160919,0.0,9061.634758327356,11540.987672259438,845843.333333333
2016-07-04,-207736.85005217962,75394.62719256754,1119338.9267380235,61786.578257670066,6715.2898098303385,32621.407039165257,3828.4176234732986,12753.008726646722,1126016.66666667
2016-07-11,-207736.85005217962,60382.99177493651,1223313.5551696012,6056.297014891238,3884.7311213726516,6906.144770771606,1706.01594779192,14022.158069641406,1140978.33333333
2016-07-18,-207736.85005217962,43755.01809907179,1227717.7820653142,12345.58038162624,75005.95073660903,32399.868982662007,41415.25573595701,12294.258179199074,1242656.66666667
2016-07-25,-207736.85005217962,25940.779771079306,1386277.9266096668,1262.4800804144022,31522.732717363473,7286.138995812297,12431.121831737386,14253.49792919204,1293483.33333333
2016-08-01,-207736.85005217962,7419.425883998259,1413987.558100314,156310.70194429083,55102.925558043535,2481.0455658669875,61613.45415657716,16373.715515609436,1484843.33333333
2016-08-08,-207736.85005217962,-11300.52342366833,1591373.6848797405,15939.779392398314,24572.644963283696,6212.754092233825,19585.34328595178,18264.690133329044,1485698.33333333
2016-08-15,-207736.85005217962,-29702.410993245216,1534927.1049792184,160235.1202316154,12825.075138803815,1607.2812425390698,19999.079627650273,7071.395248040005,1556608.33333333
2016-08-22,-207736.85005217962,-47283.09817797127,1421636.0764137448,16614.533642063554,7638.936048367675,83900.73068114746,15060.080563468026,3734.7442372951878,1391206.66666667
2016-08-29,-207736.85005217962,-63573.9101726372,1944441.0879557058,137910.75259301162,43986.16096367381,18856.34621803898,5927.569587606736,16762.55631666085,2018783.33333333
2016-09-05,-207736.85005217962,-78159.77940998664,2088458.4033764496,133919.827792675,40013.94273709524,25662.716428610976,3776.5447107624545,20767.365177855114,2170721.66666667
2016-09-12,-207736.85005217962,-90695.5965893249,2348715.9262504736,14150.109151996234,55164.474992274685,6583.1698223409385,1754.0901893406858,23189.140043544176,2247670.0
2016-09-19,-207736.85005217962,-100918.93570912546,2139338.229531553,2237.30544231767,32370.703458009706,138834.246573395,51995.67252345296,24569.55183063097,2192026.66666667
2016-09-26,-207736.85005217962,-108658.52280419134,1977510.5488061947,453.24288146922004,54364.49869811664,34686.153898478224,15459.475200602883,23331.316244218415,1895213.33333333
2016-10-03,-207736.85005217962,-113838.05628916067,2382318.597685099,369923.8658606334,53219.94121012144,70966.77608719908,42209.712154565634,24932.801907443416,2232910.0
2016-10-10,-207736.85005217962,-116475.24624285266,2483511.034670756,78319.68807737372,24562.057060145165,81463.35930147111,53941.58597360862,28347.048642769634,2406035.0
2016-10-17,-207736.85005217962,-116676.20578600462,2170735.8214573245,318379.4940714293,21044.991852168765,20568.87292282201,75051.57559651244,28410.29734181084,2252445.0
2016-10-24,-207736.85005217962,-114625.58471195164,2687074.952006608,47564.26853289875,49096.21509763463,64734.38793045886,86622.1997762482,30096.857932046038,2663125.0
2016-10-31,-207736.85005217962,-110573.06905437516,2871597.6307526254,334069.2528319673,21188.916465755206,15769.873673067657,95700.45049661346,34168.11145728553,2974771.66666667
2016-11-07,-207736.85005217962,-104817.06701625182,2845471.874726198,53488.06812703709,45611.513871493466,75385.88237356467,103781.52940111187,32393.396730954493,2826128.33333333
2016-11-14,-207736.85005217962,-97686.55047216141,3081852.250079688,253801.66612206926,19907.229255116486,17693.55878449037,92631.98528888646,13196.305933881635,3182900.0
2016-11-21,-207736.85005217962,-89522.11370110835,2903531.334223063,71680.53210150816,45551.682088870126,51452.95942723114,101922.01092677149,7125.945779131751,2964696.66666667
2016-11-28,-207736.85005217962,-80657.34197603259,3005578.31386545,8757.81433785184,19446.83406634115,38273.72734301652,87175.94873614355,45950.349015411084,2848525.0
2016-12-05,-207736.85005217962,-71401.55054743384,2664258.1750463764,85213.29002555099,66246.77415404627,9845.08781920241,51662.89906368085,51773.307682338105,2740160.0
2016-12-12,-207736.85005217962,-62024.86146998063,2542214.803633776,8395.99860880508,28689.039777335696,3705.720831222129,55125.66603543755,51004.41106638205,2380508.33333333
2016-12-19,-207736.85005217962,-52746.437208312454,2611443.162924059,1302.4631169443162,88227.07675380392,1619.070205951247,32292.525827587855,49843.1004573374,2230915.0
2016-12-26,-207736.85005217962,-43726.4947904205,2802928.554776175,346576.10662214266,39675.692410852265,848.4182174550218,88977.51036759067,52910.85647395917,3659425.0
2017-01-02,-207736.85005217962,-35972.18779207172,2425130.921494732,246318.78655351108,112496.50483056148,146912.75760066844,75853.92396044197,52701.61933639159,2827008.33333333
2017-01-09,-207736.85005217962,-27657.53711116901,2193314.127903068,32056.80078932162,53146.29891519563,36928.07714442455,84667.49134389337,52025.09064011071,2042143.33333333
2017-01-16,-207736.85005217962,-19716.60542196157,2163331.0577643,40579.88019076921,27898.963702042165,21763.489688924314,91795.92568967672,50652.618946531,2113358.33333333
2017-01-23,-207736.85005217962,-12082.762409036108,2247783.8160951734,4436.214472721612,16441.98272972012,72207.80997343626,98760.82765247383,50999.24808981326,2179918.33333333
2017-01-30,-207736.85005217962,-4650.722449543483,2286352.683292025,208358.54619909925,9594.123312739337,17291.45323074669,81364.42562545565,51826.16336144798,2370613.33333333
2017-02-06,-207736.85005217962,2709.4717616401845,1937808.3646639413,22831.322036097914,6346.797907522362,6120.178264070114,30788.996088919866,45806.5253437209,1814556.66666667
2017-02-13,-207736.85005217962,10136.852894072266,2023060.5306918276,3467.9246587058415,34902.57146627805,2719.681375534072,99421.52040214851,19702.08518755921,1951668.33333333
2017-02-20,-207736.85005217962,17763.33744726428,1973923.3011977093,676.537434584922,14478.229427296561,66699.95882491935,34853.248271013385,10786.483285050384,1918238.33333333
2017-02-27,-207736.85005217962,25697.99186593026,1548685.6746618615,156.8484073364476,6021.247828626142,14759.925610291066,140787.88580944284,27326.20643232082,1472390.0
2017-03-06,-207736.85005217962,34012.7820760663,1504987.2147541933,42.044025022002394,3371.0535965984845,87872.80459582327,52544.39557699258,31822.441558966202,1477865.0
2017-03-13,-207736.85005217962,42730.74420591046,1329029.2363939297,61496.83061410635,2053.804723221253,20649.852228160107,22930.928904274526,31470.984227137888,1300166.66666667
2017-03-20,-207736.85005217962,51817.370451379145,1166447.6658231893,5857.377609337594,1328.998289117851,117875.2974557883,11498.994985956162,29644.906726869543,1160205.0
2017-03-27,-207736.85005217962,61175.8128029232,1443821.1903087236,881.0794567769708,7121.12598700532,29064.035739322084,36385.18024425243,33533.13281246385,1356871.66666667
2017-04-03,-207736.85005217962,70646.27979066735,1445939.3381164942,171.5249413102082,2986.6787224671993,9923.853245778044,12645.016784903242,33700.26032824156,1355833.33333333
2017-04-10,-207736.85005217962,80009.75076630371,1511492.3190481688,39.909643574345694,105486.70447910478,4237.694130238092,5562.907561273032,30411.898315070604,1176266.66666667
2017-04-17,-207736.85005217962,88995.87311539047,1307163.1992704766,44584.566562660155,47062.868498722535,1996.8401439717265,3105.692431109784,29099.5868491578,1955281.66666667
2017-04-24,-207736.85005217962,97294.65528302117,1064331.5425045667,4223.224607641726,88406.92882744658,1098.3999302250465,971.9451233633001,27173.979028741785,1029928.33333333
2017-05-01,-207736.85005217962,104571.3373347201,1229814.0728723616,193890.1011806179,40747.84448325346,509.5209998154354,588.5315921410994,23411.52613948035,2263143.33333333
2017-05-08,-207736.85005217962,110483.62448053873,833495.7825411488,20755.91250694018,89089.0729258695,319.7586734242362,379.16774397768944,22455.749958311764,813771.666666667
2017-05-15,-207736.85005217962,114700.31908050505,946393.2729184233,3142.4333292615943,41326.91940481332,0.0,256.05689658209286,9408.653928306683,880871.666666667
2017-05-22,-207736.85005217962,116920.29197260836,1299881.2134637577,613.9653704222438,32540.239601869238,0.0,45070.78746621793,5078.309339240998,919185.0
2017-05-29,-207736.85005217962,116890.7001872799,856022.3311793951,143.37763869002669,17385.018688367567,44851.00200222009,13274.438323474167,13286.239748740461,826321.666666667
2017-06-05,-207736.85005217962,114423.38739014852,1157569.4744283478,54333.294305143216,19631.569926671873,9580.7307831541,40668.571525838175,17631.704754215465,833798.333333333
2017-06-12,-207736.85005217962,109408.49424361663,793058.2732986802,5166.897350407559,9787.527444604695,3083.257651889148,12969.318171148825,16994.404751369293,746271.666666667
2017-06-19,-207736.85005217962,101824.45325711294,1005724.8081951343,192504.27644216616,4816.7977242079205,1249.3461626731546,6041.518836924917,21376.24309533193,1036406.66666667
2017-06-26,-207736.85005217962,91743.73829677605,943778.3060978112,20579.496865529283,42005.15133594977,30053.610807889916,3064.700403495998,20506.421279888455,927931.666666667
2017-07-03,-207736.85005217962,79333.97164702186,1116302.7056148595,30420.14425084883,16164.990514673156,64983.05251373207,73654.58830465395,25544.896094975527,1126943.33333333
2017-07-10,-207736.85005217962,64854.24810453151,1263516.7509765518,3186.4769238411473,8116.539973835945,14933.583235439193,23181.76030719401,27029.68967663158,1184220.0
2017-07-17,-207736.85005217962,48646.80139385994,1213085.7875017151,59116.651845121276,31456.399587766984,138307.83565509517,9480.255600412705,28440.454637288618,1315508.33333333
2017-07-24,-207736.85005217962,31124.398029080363,1368257.0832557918,5686.19411365985,13130.51609564236,34779.39763149833,4749.497480905641,29060.83793442604,1279360.0
2017-07-31,-207736.85005217962,12754.082740145035,1418597.1597078869,68238.1548529424,55858.22723485288,20861.842044144756,2474.5933850112287,32272.06780848913,1455811.66666667
2017-08-07,-207736.85005217962,-5961.895948672275,1574451.2298206557,6602.9149907851715,48655.330741970174,64728.58868959283,1498.8917522833947,36869.317156771096,1553355.0
2017-08-14,-207736.85005217962,-24506.993171262766,1349105.469203727,183378.9960502701,22096.881829862956,15590.028729222331,963.7607723094372,14605.978151561327,1374855.0
2017-08-21,-207736.85005217962,-42372.01846308618,2015846.9226386386,19386.91840062067,11452.541161024394,74145.3981110707,16286.01795300565,7778.702377903977,1970110.0
2017-08-28,-207736.85005217962,-59076.39833813734,2258631.611900028,355341.2163662869,6819.2412137228675,17489.777720306083,14957.581963085313,36245.325922357224,2336431.66666667
2017-09-04,-207736.85005217962,-74187.94112127007,2145402.573052468,65223.98943094452,4352.565456293824,6113.388170848746,4829.679596845207,41636.32862907857,2002065.0
2017-09-11,-207736.85005217962,-87340.07867804084,1883030.2232518098,244294.5067862448,39544.6944831576,31555.388932417016,9378.908230428153,40556.28507942568,2027418.33333333
2017-09-18,-207736.85005217962,-98245.70141682359,2018130.7122496516,29401.228976006645,16132.176816502464,7360.058742038619,3178.607252081491,44224.90742240307,1886570.0
2017-09-25,-207736.85005217962,-106706.89405834593,2382116.613266501,319451.8981278577,42991.382796181766,2632.2710965789342,30628.37217007984,50113.061915679464,2529721.66666667
2017-10-02,-207736.85005217962,-112620.10922424482,2835789.292434887,356932.94486900134,32216.155409681924,1094.0073316931798,9259.907198815272,51044.98436616948,2357930.0
2017-10-09,-207736.85005217962,-115976.57074062835,2614062.903873699,261347.74830766616,86792.22125526886,106521.36176910507,62924.40744070702,54444.63899514111,3003391.66666667
2017-10-16,-207736.85005217962,-116857.96409807616,2458019.1857807697,35666.54758704403,38635.38019263513,24722.877827448916,65350.25160351962,54297.105422151966,2283685.0
2017-10-23,-207736.85005217962,-115427.73257026465,2498012.00291596,226913.31132672765,31584.705146401797,8054.581132690775,72988.83178252363,55493.42318667604,2584721.66666667
2017-10-30,-207736.85005217962,-111918.53915968895,2986226.798418769,53638.43887171232,16135.005385554694,3293.7825401282043,81112.21851233536,57871.352491721125,2565400.0
2017-11-06,-207736.85005217962,-106616.66303498147,2983587.501600983,127068.19597631719,80876.78438445914,127786.97594255234,67379.20350232253,63337.73521843779,3407085.0
2017-11-13,-207736.85005217962,-99844.26260106334,3003271.645514384,13150.42024967468,35620.144328757226,31169.108478351653,101505.68845845065,26804.83500599664,2803291.66666667
2017-11-20,-207736.85005217962,-91940.54655984316,3101595.2480834424,258745.5679766218,43910.44136762987,18876.39914658582,71595.124471393,14445.0210572411,3303155.0
2017-11-27,-207736.85005217962,-83242.94317290398,3216271.488950564,31406.165451463276,20445.54885159445,64835.84358170931,54859.413147057516,68108.24787615213,3103743.33333333
2017-12-04,-207736.85005217962,-74069.3438140838,2704245.8496146854,163530.69655895696,32257.52276203676,15254.954995945836,40042.138785503,73556.75169442195,2793875.0
2017-12-11,-207736.85005217962,-64702.42082027366,2430721.315970266,17246.424810695036,14703.301828697591,5366.753578867093,49992.24031837089,71955.23674957249,2260396.66666667
2017-12-18,-207736.85005217962,-55376.88620839065,2344490.30900203,281000.79384383844,30980.9481682113,2372.596772443955,29532.703476218758,73862.06003956117,2399176.66666667
2017-12-25,-207736.85005217962,-46270.37492614209,2538995.176390863,336040.41388257,13770.833061264975,89939.6554808742,87552.08098216349,69978.07733796828,3827520.0
2018-01-01,-207736.85005217962,-37192.165286482836,2567497.331936565,55326.19465373879,6479.735082350142,52955.168035481285,75155.21847340163,70755.8665879349,3109461.66666667
2018-01-08,-207736.85005217962,-28821.489810360887,2388305.7312752274,8760.379819747835,4860.498582349121,13750.190236892066,84080.74113566555,71893.71441050188,2228128.33333333
2018-01-15,-207736.85005217962,-20830.190651586887,2036354.995905156,204611.25208427256,2475.2501673447114,95484.43701693365,30074.03602809743,70130.78463426219,2202593.33333333
2018-01-22,-207736.85005217962,-13158.163881202816,1900023.8274728502,22423.607925737346,15954.018493042313,127139.37518831904,13737.100749828485,66514.14708958581,1918293.33333333
2018-01-29,-207736.85005217962,-5704.839637869259,1832563.0422634368,144512.71910471458,6213.963179115352,33003.1288792042,7294.678261584331,64386.918948898994,1862458.33333333
2018-02-05,-207736.85005217962,1657.1428233058266,2093596.6738706797,14879.091549750714,3197.468483794367,41261.98713570641,9658.673695260837,68868.10483201587,1975951.66666667
2018-02-12,-207736.85005217962,9066.50850192083,1844291.5816515898,56774.79719004111,15258.589115629222,11323.140984121026,4136.713641969833,29845.5893052067,1827318.33333333
2018-02-19,-207736.85005217962,16657.175837870163,1728823.6552413416,5634.442128019902,6151.453836363782,43896.711482980085,1854.53351474338,16292.642677855782,1656268.33333333
2018-02-26,-207736.85005217962,24542.39333886704,1640173.9161459107,73822.28306228359,17366.31836523747,71019.2192817677,851.712973449393,42580.762113927194,1703790.0
2018-03-05,-207736.85005217962,32800.21709697733,1590406.4546428726,7161.069081771609,7229.254391614276,17134.067897514484,175.74980786602572,48186.58438172835,1488115.0
2018-03-12,-207736.85005217962,41461.28310305522,1541470.6496267477,252100.6672214121,26514.37590618821,119986.34407573614,106.41788741320667,49226.949040587686,1727330.0
2018-03-19,-207736.85005217962,50499.691994044224,1290678.3909284913,30043.64522045568,10743.550807973317,29377.880263723546,68.56017904849031,45599.5779523304,1208246.66666667
2018-03-26,-207736.85005217962,59827.63877959854,1672384.555907762,117867.5728196106,26100.770114722676,28822.951985982338,46.299303006190144,46110.132328438165,1388960.0
2018-04-02,-207736.85005217962,69294.19695363409,1470542.3594459502,12035.727033756068,11101.609460886368,8146.56990767943,0.0,42857.8465864035,2408331.66666667
2018-04-09,-207736.85005217962,78688.41818421258,1219684.4847454324,1887.2444276929868,8571.143443545869,3329.926850371379,0.0,44171.23539350009,1131721.66666667
2018-04-16,-207736.85005217962,87746.6499406111,1015775.0031084552,382.8162082860605,4463.8072822878985,1581.5496448809558,24472.286789322938,40609.12597144768,950015.0
2018-04-23,-207736.85005217962,96163.71904071495,825249.3888797103,92.47159238663012,41377.12831791974,772.3648513805191,7062.981968867372,33850.89485015108,801298.333333333
2018-04-30,-207736.85005217962,103607.39402591932,1136050.5656775415,25.78666972534209,16755.32261804338,461.36130778469806,124132.50409427845,29179.095611144625,779838.333333334
2018-05-07,-207736.85005217962,109735.3372361686,1257313.6562878394,6.102876768431153,23220.809582935202,76.72935084473855,43147.84141814698,34004.491419238104,889546.666666667
2018-05-14,-207736.85005217962,114213.60031130676,880892.9961344452,2.0287556810952774,10422.016794875268,42662.850223945556,136607.3325171377,13825.372440093188,862850.0
2018-05-21,-207736.85005217962,116735.61385187879,1312819.8854777953,5686.657614584702,12103.512077728601,9086.475616188582,50846.71215319964,7369.045696442392,2601601.66666667
2018-05-28,-207736.85005217962,117040.5792791561,951183.6099847945,535.1809063539755,5803.443909975783,29518.153227455037,34063.6651021441,25889.604221095015,905008.333333334
2018-06-04,-207736.85005217962,114930.19120997658,975304.1788660985,80.54257018647651,3314.272512232329,6802.560093572209,15067.28760438065,30928.54916761478,910551.666666667
2018-06-11,-207736.85005217962,110282.70094277269,917469.524998878,49563.31626015961,2097.812939909776,36517.24243009724,8037.290212985551,32175.08489038002,923853.333333333
2018-06-18,-207736.85005217962,103063.47139149386,1046551.3353805641,4701.311933391893,5283.923167502327,8275.575150709008,4845.636153866465,36735.301705612015,982420.0
2018-06-25,-207736.85005217962,93331.3631369661,1077200.6527690066,708.0523785122309,2248.994228271347,66272.99572001603,44914.260892895654,37362.537768767215,1056811.66666667
2018-07-02,-207736.85005217962,81240.51945302324,906018.6745021633,85919.7256134527,42189.63830495923,15069.535128025142,14030.482833233275,32644.5936508265,932326.666666667
2018-07-09,-207736.85005217962,67037.37221640481,1136050.277865899,8290.598605918593,16687.611165633683,74390.10293834256,89528.46236134092,36954.78407700239,1126221.66666667
2018-07-16,-207736.85005217962,51052.95602777092,1143781.947715837,53944.750550951976,23163.05526330042,17387.35059387818,29292.967251643433,38095.42207142189,1140006.66666667
2018-07-23,-207736.85005217962,33690.879487080834,1476699.7850353287,62904.58198735332,10325.004375039834,38426.281808980006,12336.669711527375,45552.580335296996,1479303.33333333
2018-07-30,-207736.85005217962,15411.545412508109,1754954.1552013566,6305.764108505384,5628.799944492613,9442.599280503558,6234.905717533,50959.731455719666,1647193.33333333
2018-08-06,-207736.85005217962,-3286.5780359688574,1957168.808497988,77818.79180405062,26620.403842023537,48312.85981589899,3543.397051631926,56639.9788018204,2009478.33333333
2018-08-13,-207736.85005217962,-21887.66790864934,1612635.227776447,7565.911409464678,11025.422101817103,11176.055659215963,52191.53769220841,23223.286149849228,1523443.33333333
2018-08-20,-207736.85005217962,-39880.16001059772,1347147.546913914,274999.808299198,32313.302270353124,3814.2053844235506,16002.041488538296,12346.876031918659,1420118.33333333
2018-08-27,-207736.85005217962,-56778.13606359534,1789473.9756613688,34723.46324512432,13065.572852530151,1665.8054472107983,57100.09634239121,45120.40131454294,1673551.66666667
2018-09-03,-207736.85005217962,-72141.36789617568,2075644.1660575592,74065.07674582834,23943.352203613213,5655.013956359276,17972.496559606658,57074.12559974692,2061091.66666667
2018-09-10,-207736.85005217962,-85592.97760121306,2300733.87895697,7618.99576638254,10315.780260121612,4852.482625467115,7770.2017704452555,63942.10127141273,2144110.0
2018-09-17,-207736.85005217962,-96833.80654189539,2123747.154441532,1232.785029994752,17238.67391233397,60773.88953528909,42760.73666880482,62999.70555485778,2058653.33333333
2018-09-24,-207736.85005217962,-105652.77076262122,2324492.972883021,5589.155149726153,15211.638707755594,13394.976622682296,13665.431675674112,68216.55151688367,2208345.0
2018-10-01,-207736.85005217962,-111932.70518840905,2860879.2171380445,374633.46320852067,13480.840817487877,21451.008394891185,16743.99594818415,74292.18211178789,2603008.33333333
2018-10-08,-207736.85005217962,-115651.45109657498,2440064.19797245,84390.67332743494,6354.8842829077485,21806.11897634284,29255.217452380068,74343.53950977362,2313193.33333333
2018-10-15,-207736.85005217962,-116878.20628634574,2695596.5365067185,231826.18099582108,19167.049981270666,12079.604211851265,37604.55221483907,78550.95425954471,2813106.66666667
2018-10-22,-207736.85005217962,-115765.42000226304,2867228.91601888,27562.659957885084,8044.283431643007,3423.4828263621935,12260.302465130166,81784.39371491442,2665110.0
2018-10-29,-207736.85005217962,-112536.75998301507,2859914.841025742,145914.7850468158,4027.6060504269217,14927.894689030227,88535.56808182859,83759.58793129401,2947875.0
2018-11-05,-207736.85005217962,-107471.89302034338,2881605.8448446114,15161.327821990879,38255.451979823054,12784.883883835368,29116.733653578827,85228.90550965424,2768941.66666667
2018-11-12,-207736.85005217962,-100888.99095386911,2549857.225811251,264759.28486940527,15274.502363780963,3129.389797096009,100853.63158688013,38717.74927180082,2666240.0
2018-11-19,-207736.85005217962,-93125.99144712537,2713192.0959877707,32640.83956101394,19506.154189243116,1151.86583643222,34841.42900890031,21443.19962852142,2559550.0
2018-11-26,-207736.85005217962,-84521.70061105015,2404579.3187537054,255459.47534407335,8796.704718688787,89756.08490468591,88684.22743132843,74247.35667467614,2653766.66666667
2018-12-03,-207736.85005217962,-75397.81943698403,2280855.4283136306,31006.875361734245,18399.131723463815,20335.583480576446,30853.851995361954,79787.56974356697,2144703.33333333
2018-12-10,-207736.85005217962,-66042.90857256897,2584319.4586460027,4777.530767108316,7899.029177384681,45828.67961644016,13836.439152083976,87014.29045877434,2451681.66666667
2018-12-17,-207736.85005217962,-56699.18031719163,2640912.8885758645,947.6722823839827,8208.410498791356,11079.927687043699,7396.074467406869,89147.62812425927,2469486.66666667
2018-12-24,-207736.85005217962,-47552.83028132613,2960440.0561779747,375074.9792481805,4099.197015829085,50320.81011319272,97006.63186542844,93994.4533690625,3208150.0
2018-12-31,-207736.85005217962,-38728.40432190877,2686223.423818327,286210.91126924776,1917.65207574033,11695.08680792136,32310.3319307751,89699.83844975062,2746851.66666667
2019-01-07,-207736.85005217962,-29993.271416488416,2761199.9579443843,41757.320074908304,1279.6119087865638,9865.340912826507,30295.061405084525,95046.91206541339,2566165.0
2019-01-14,-207736.85005217962,-21950.35965174733,2602106.6238187794,75235.99751532545,656.3000230469631,7712.098858656605,11647.345607886245,95166.40204590312,2554828.33333333
2019-01-21,-207736.85005217962,-14238.073693943074,2038896.0453524727,7999.169650062675,7371.876940056385,20700.261694759076,38139.07968014668,89390.49340109795,1959706.66666667
2019-01-28,-207736.85005217962,-6760.840042780366,2374837.2366713416,173297.89560065698,2741.162644968444,4805.041828569335,12566.799306210209,91038.75474816606,2424486.66666667
2019-02-04,-207736.85005217962,605.788965599882,2065440.1682984994,18150.254114657968,1368.1534146195695,28682.387712392298,5745.525048741735,88155.60825254025,1953060.0
2019-02-11,-207736.85005217962,7999.898878310878,2078035.9458967068,77710.21091567102,723.58690192903,14021.584393789031,27537.106974818656,40980.42420578489,2086935.0
2019-02-18,-207736.85005217962,15557.084597952839,1787531.4359014058,7727.233835402121,441.0122123302564,6924.706052792917,8327.10189495951,22929.3826645634,1675816.66666667
2019-02-25,-207736.85005217962,23394.478716181562,1958475.5271519944,106170.62776534677,8131.450453139109,6208.248821948238,3655.1641409930885,63449.61039882708,1976413.33333333
2019-03-04,-207736.85005217962,31595.97657348272,1586022.49964518,10475.755031505809,3163.4031970071687,1726.0569637445462,1824.724086796584,64652.87665099603,1480760.0
2019-03-11,-207736.85005217962,40199.62693546713,1471465.1660336242,34444.26122814735,1591.988455316469,698.2675080119402,1064.1307271318153,62687.12629760008,1425500.0
2019-03-18,-207736.85005217962,49188.02859503805,1217486.0408256494,3418.4287872729205,815.4161149663347,315.95729367514986,67373.38911470029,55829.45249105675,1156860.0
2019-03-25,-207736.85005217962,58482.394496089975,1308753.0541242766,21427.80342890706,1963.467488586588,174.78109313250434,20658.428302115102,56504.8812286741,1252230.0
2019-04-01,-207736.85005217962,67940.72651896656,1276564.9842939728,2079.1466278469074,876.1490832193028,60.48144141257694,46002.398476856404,56036.352803200665,1209373.33333333
2019-04-08,-207736.85005217962,77360.29857818437,1153994.1154272077,235281.34083416418,1013.0505333957219,24.659240292252147,15105.692499887622,54879.723047681044,1183801.66666667
2019-04-15,-207736.85005217962,86484.38744784976,1303153.8169838842,26990.122911656268,502.9905395104239,19059.260862482606,6762.781533376,50810.22302111859,918593.333333333
2019-04-22,-207736.85005217962,95012.93479382484,1318168.9019705206,33269.41630341642,189.78481129700933,4005.5198269609036,22129.222759585256,48533.13181965531,2303595.0
2019-04-29,-207736.85005217962,102616.58518263606,1218037.9032512638,3553.0783156814077,114.31459919574895,76365.76419744016,36242.92295580664,45031.8833102178,890675.0
2019-05-06,-207736.85005217962,108953.337304834,1034659.4645762861,22757.76861049232,73.72197242088976,17114.558719159308,11894.25299019568,50124.91492402726,989913.333333334
2019-05-13,-207736.85005217962,113686.88145739469,953215.6179088851,2218.7804134949124,49.93866469444514,19093.55483710504,74620.74974512206,20832.718347003392,915791.666666667
2019-05-20,-207736.85005217962,116505.5851467334,714968.213233077,161394.27717107337,1482.2366569692708,29100.306692154758,23998.93642659004,11185.181077874171,746205.0
2019-05-27,-207736.85005217962,117141.03711905099,1093984.976898851,16562.470985167256,1498.4166508159892,7078.458845301154,10043.81567780219,30550.907287669874,723785.0
2019-06-03,-207736.85005217962,115385.07137889261,952115.5023937926,2501.977666469724,625.1115032144684,11464.253723082611,5104.9537166139835,39201.245478505814,903125.0
2019-06-10,-207736.85005217962,111104.2663762961,1031909.4299897957,488.3736384968431,325.37371630589286,3015.551274039399,3496.013055409602,33681.124303247874,672250.0
2019-06-17,-207736.85005217962,104251.04648301618,784521.0834657022,113.77464259041675,189.63156880575187,1205.1373357273787,1863.25634818467,35278.48667655526,739783.333333334
2019-06-24,-207736.85005217962,94870.69572290345,853472.4700516997,36867.3316007562,119.03073950640756,463.5706118086958,1002.8082621524655,36232.42097738767,831833.333333334
2019-07-01,-207736.85005217962,83103.81710899615,991848.9405662498,3489.848988932657,78.8327765490814,246.37176909191587,664.8704879282254,42434.05268340708,939896.666666667
2019-07-08,-207736.85005217962,69184.02215790373,972968.9318816388,32073.059821695253,54.40061340780784,122.25950216014957,18.403851767382825,43744.72948407748,946510.0
2019-07-15,-207736.85005217962,53430.89986902339,1109075.7604534517,3079.897556015681,16819.476618453384,35.72944231769852,11.143669533078588,50703.68733029846,1063913.33333333
2019-07-22,-207736.85005217962,36238.577545833796,1280133.9130114045,71668.80219470628,6391.045158505672,22.421445942642745,32880.32709738242,55696.88636285711,1278223.33333333
2019-07-29,-207736.85005217962,18060.432248979312,1581843.371283046,6900.093957530804,12878.005964145572,0.0,9558.701153365677,60946.452660730494,1500828.33333333
2019-08-05,-207736.85005217962,-609.27270075242,1823032.1855248602,77694.64076552064,5450.048894243604,0.0,141598.86743058744,67152.41108379507,1843118.33333333
2019-08-12,-207736.85005217962,-19255.879258479665,1526708.8369725416,7553.9641049479515,11494.59569363958,0.0,51585.909460816496,28419.17017362279,1443773.33333333
2019-08-19,-207736.85005217962,-37365.88784576579,1442190.6771776143,1154.3781958357163,4970.509588734468,20461.375505423286,116301.92430806055,15338.666890906332,1397435.0
2019-08-26,-207736.85005217962,-54448.446204689346,2059335.1594146865,228.32796028847127,12457.02291691557,4304.875040395332,42436.46529144143,62204.83528878599,1930413.33333333
2019-09-02,-207736.85005217962,-70055.65160139339,2129176.9266555957,1413.4064843750157,5328.94759625219,83230.24393693538,63767.23623841327,72192.56808246317,2106968.33333333
2019-09-09,-207736.85005217962,-83800.61081361682,2171729.538139783,239653.15796079664,3713.4400426895204,18820.454621649355,23521.32295534405,78873.83839143254,2233758.33333333
2019-09-16,-207736.85005217962,-95372.32832937747,2622136.4457303593,27716.083442520565,4883.488556321996,91931.47743914764,26683.86095456576,87513.05819429629,2575148.33333333
2019-09-23,-207736.85005217962,-104546.67119800586,2479379.385174287,157876.2295563127,2161.7865974435413,21887.445633821026,10806.830676524443,89025.53599232441,2510951.66666667
2019-09-30,-207736.85005217962,-111192.87880832284,2613812.761209338,16500.912079881986,9210.484730441958,117233.4815122158,4715.930681662892,88308.99619236987,2275620.0
2019-10-07,-207736.85005217962,-115275.33492875764,2451080.7964652064,113522.82139002498,3668.3165995434406,29018.749311386367,131437.36433411497,90407.60538984815,2505161.66666667
2019-10-14,-207736.85005217962,-116850.58337188982,2438635.4206463196,11385.6374543131,10085.722063038127,123148.56316500774,46130.77071623318,90404.03114020424,2456240.0
2019-10-21,-207736.85005217962,-116059.83253786973,2137191.2224248135,120148.72958386189,4079.909030325265,31172.0817115115,68040.40494579946,87610.78154969515,2182825.0
2019-10-28,-207736.85005217962,-113117.44276964627,2453502.209900311,29536.6231208092,4039.896068648889,25482.367369833035,24126.867136572324,90375.24956339893,2377706.66666667
2019-11-04,-207736.85005217962,-108296.10973337777,2855910.8927830933,21442.41531683946,1958.183866970366,28039.59317273133,11287.52533448819,96874.5130096476,2732825.0
2019-11-11,-207736.85005217962,-101909.63444520885,2900917.4752795957,2305.4298087722796,1094.6997288245536,7470.487376728617,122837.68743113747,45076.59511906239,2767788.33333333
