date,actual,fitted,fitted_lo,fitted_hi,holdout_pred,holdout_lo,holdout_hi
2015-11-23,2754371.66666667,2607021.753759305,2463093.6067179595,2736955.9206974483,,,
2015-11-30,2584276.66666667,2499563.7848493843,2375353.8239012025,2621062.705960078,,,
2015-12-07,2547386.66666667,2538054.2168149557,2423318.4478731053,2647796.424579532,,,
2015-12-14,2875220.0,2856051.812506282,2730330.8594514197,2988602.789540904,,,
2015-12-21,2215953.33333333,2551555.581363486,2412377.928997545,2694672.994322318,,,
2015-12-28,2569921.66666667,2839226.942070035,2687718.460179585,3005593.1344691417,,,
2016-01-04,2171506.66666667,2239858.489014994,2130176.18704876,2352978.571749633,,,
2016-01-11,2464131.66666667,2458205.4289610004,2341784.5100030717,2577035.782532906,,,
2016-01-18,2012520.0,2081409.100262448,1984400.1957360324,2180992.9600718776,,,
2016-01-25,1738911.66666667,1737896.0170018014,1626422.7317748715,1848729.6381445378,,,
2016-02-01,1772306.66666667,1730125.0110745402,1628563.5549798012,1830398.4365508961,,,
2016-02-08,1809058.33333333,1813632.425634209,1726335.9825819547,1902304.068173045,,,
2016-02-15,1952740.0,2040678.3781613354,1925638.2000724259,2154494.2444648957,,,
2016-02-22,1507805.0,1498664.0635979865,1394092.9197498157,1604883.2943448133,,,
2016-02-29,1510391.66666667,1551280.7276713816,1434265.392957332,1664135.8272705644,,,
2016-03-07,1588840.0,1587147.1560892607,1479741.4669909882,1697499.536546038,,,
2016-03-14,1605990.0,1598307.903404081,1501121.3344266347,1696422.7811032333,,,
2016-03-21,1356010.0,1670321.4002927027,1552942.380978611,1787473.38952602,,,
2016-03-28,2103936.66666667,1827834.790530885,1700640.8402832919,1959683.033017966,,,
2016-04-04,1120835.0,1134794.6882597916,1041372.8665219294,1228054.386953527,,,
2016-04-11,1141140.0,1136402.8527778469,1042729.8923858767,1228426.948468251,,,
2016-04-18,1166880.0,1187602.2571921314,1089825.0437612534,1286705.619742346,,,
2016-04-25,888806.666666667,1206850.8717221376,1101963.8635369602,1314643.978909536,,,
2016-05-02,898873.333333333,1240724.0665689216,1123907.4194246132,1358546.5873503927,,,
2016-05-09,889373.333333334,892851.5535929145,796247.0026291972,986133.4050734694,,,
2016-05-16,1915375.0,1276958.3461282584,1161104.5214675572,1393775.7354313533,,,
2016-05-23,1006845.0,1025030.9309416416,922563.4409640726,1126561.6303899998,,,
2016-05-30,869198.333333334,868037.9869229334,775324.9512884131,959678.465936147,,,
2016-06-06,727250.0,702834.0152375567,605878.1451614321,799803.8510673234,,,
2016-06-13,753730.0,724495.8526074734,626047.0728352378,822605.3703495819,,,
2016-06-20,999196.666666667,1049472.8748951603,955074.3714668425,1148840.187676192,,,
2016-06-27,845843.333333333,832469.8621955122,741375.6796470325,924755.0008994115,,,
2016-07-04,1126016.66666667,1104701.4053351956,1013856.5102442792,1193959.6457332845,,,
2016-07-11,1140978.33333333,1108535.0438168305,1012523.1524209027,1199581.9765496068,,,
2016-07-18,1242656.66666667,1237196.8641282564,1136266.3502090436,1346213.736129233,,,
2016-07-25,1293483.33333333,1271237.8278830848,1180167.637142446,1360635.7485325246,,,
2016-08-01,1484843.33333333,1505551.9766725227,1396891.1209696925,1618562.4940327152,,,
2016-08-08,1485698.33333333,1456911.5232710917,1365575.581712811,1549206.3361569142,,,
2016-08-15,1556608.33333333,1499225.7954224444,1391451.5245769925,1604083.6535418546,,,
2016-08-22,1391206.66666667,1293565.1533559356,1160650.9239694013,1417512.2203247158,,,
2016-08-29,2018783.33333333,1896573.71340988,1801579.3198879145,1994276.6188281912,,,
2016-09-05,2170721.66666667,2026702.1707612842,1935237.3446868341,2121356.7658620873,,,
2016-09-12,2247670.0,2151124.463808479,2039665.2265559286,2257555.489742972,,,
2016-09-19,2192026.66666667,2080689.9235980595,1951581.0642249289,2211933.2301469846,,,
2016-09-26,1895213.33333333,1789409.8628727095,1660265.4285693134,1910957.4331185012,,,
2016-10-03,2232910.0,2621996.7885637204,2470616.9826545464,2777029.1308191526,,,
2016-10-10,2406035.0,2425932.6774310977,2309458.981324221,2549449.942822191,,,
2016-10-17,2252445.0,2309777.9974038857,2170001.603133976,2448011.1324335625,,,
2016-10-24,2663125.0,2642826.446511772,2540152.964652031,2744950.9052946544,,,
2016-10-31,2974771.66666667,3054184.3165707565,2930933.9473967063,3180258.8558299914,,,
2016-11-07,2826128.33333333,2843578.348161927,2732889.9447912565,2953598.449842356,,,
2016-11-14,3182900.0,3173659.5949397893,3040785.252498086,3304822.6647367165,,,
2016-11-21,2964696.66666667,2884005.5007932945,2775857.31865713,2991610.726848082,,,
2016-11-28,2848525.0,2916788.7953360095,2806578.214094992,3029711.1925312695,,,
2016-12-05,2740160.0,2649861.133191566,2535790.4904116592,2763534.759884321,,,
2016-12-12,2380508.33333333,2419373.928430799,2324876.226819769,2517099.5639619017,,,
2016-12-19,2230915.0,2524244.112025186,2375382.168980166,2673250.917362208,,,
2016-12-26,3659425.0,3080453.7940255753,2929481.827745166,3233990.3537222943,,,
2017-01-02,2827008.33333333,2815705.4759320538,2644951.1180156707,2998045.150362695,,,
2017-01-09,2042143.33333333,2216743.4995726654,2107121.1048954194,2337644.747232746,,,
2017-01-16,2113358.33333333,2168568.480508103,2071614.8623684968,2275258.9136043917,,,
2017-01-23,2179918.33333333,2270810.286552123,2167072.784373783,2378165.8700632686,,,
2017-01-30,2370613.33333333,2442399.8225197936,2324813.8122557965,2559492.1883534333,,,
2017-02-06,1814556.66666667,1844674.8060137301,1747338.1070247525,1945092.4943105397,,,
2017-02-13,1951668.33333333,1985674.316623949,1873536.4510809549,2103580.658463829,,,
2017-02-20,1918238.33333333,1911444.2458356654,1803329.6194473119,2014167.2388767186,,,
2017-02-27,1472390.0,1555698.9305636263,1423328.4298567798,1706109.8188048499,,,
2017-03-06,1477865.0,1506915.8861314785,1403239.3646298237,1619044.8842610673,,,
2017-03-13,1300166.66666667,1302625.5312445664,1208383.1160152098,1400999.9913915743,,,
2017-03-20,1160205.0,1176733.7612894557,1056632.2173874928,1296179.2371184407,,,
2017-03-27,1356871.66666667,1404244.707299288,1314898.7218408803,1497350.2704735515,,,
2017-04-03,1355833.33333333,1368276.1018776833,1268740.4088310597,1465097.6363806333,,,
2017-04-10,1176266.66666667,1529504.3338915636,1396092.786426122,1682026.3018397377,,,
2017-04-17,1955281.66666667,1314271.7768193048,1209821.0419576888,1424686.2718910468,,,
2017-04-24,1029928.33333333,1075763.825252825,958777.235872073,1210018.157554839,,,
2017-05-01,2263143.33333333,1385796.0845502077,1261528.3397441981,1515674.2741829124,,,
2017-05-08,813771.666666667,869242.2187780321,750981.9116104142,1007649.1622586695,,,
2017-05-15,880871.666666667,907490.8055057132,807609.1561419198,1019264.7774901044,,,
2017-05-22,919185.0,1292367.9571619355,1184175.7314822532,1408849.512663409,,,
2017-05-29,826321.666666667,854116.2577159893,765620.0511078634,947014.1368346743,,,
2017-06-05,833798.333333333,1206101.8830613396,1102926.4917870807,1307715.886251189,,,
2017-06-12,746271.666666667,742731.3228595364,661680.9226153264,822364.9107914104,,,
2017-06-19,1036406.66666667,1125800.59366137,1022308.2070734485,1232484.7234929074,,,
2017-06-26,927931.666666667,943994.5750351625,858635.1592978796,1032783.7849258328,,,
2017-07-03,1126943.33333333,1198667.4988885864,1105891.4593097856,1295390.1061243447,,,
2017-07-10,1184220.0,1197082.1991458451,1114832.4662703243,1280906.6687312662,,,
2017-07-17,1315508.33333333,1320797.3361690752,1198549.9852752665,1447433.6034469733,,,
2017-07-24,1279360.0,1279051.0744888268,1193035.9173610283,1366314.914999307,,,
2017-07-31,1455811.66666667,1403319.2777212888,1318554.9100804965,1490752.2871707168,,,
2017-08-07,1553355.0,1519107.5271512049,1428931.8924293576,1611535.0086294622,,,
2017-08-14,1374855.0,1353497.271513519,1239977.3615094556,1466669.4821937291,,,
2017-08-21,1970110.0,1894787.632127,1786378.6517876568,1999113.609227824,,,
2017-08-28,2336431.66666667,2422671.506695465,2286713.9388690875,2564410.558283588,,,
2017-09-04,2002065.0,1985633.7331630255,1875877.6239097454,2103475.295184576,,,
2017-09-11,2027418.33333333,1953283.0780332685,1849025.1787407289,2058238.99456509,,,
2017-09-18,1886570.0,1812445.1399896748,1711548.448731237,1911766.3308190994,,,
2017-09-25,2529721.66666667,2513489.855262351,2410845.957717311,2620099.4294300466,,,
2017-10-02,2357930.0,2965980.3323338344,2829607.1839636406,3099791.509152519,,,
2017-10-09,3003391.66666667,2862379.860848787,2731670.8477256987,2997843.6657310827,,,
2017-10-16,2283685.0,2352096.5342633156,2245670.0861292807,2459760.841018657,,,
2017-10-23,2584721.66666667,2569882.272868532,2468265.858812639,2673167.573257082,,,
2017-10-30,2565400.0,2878622.2070083534,2749559.4487772407,3008880.5845041214,,,
2017-11-06,3407085.0,3135682.8835379044,3000942.709383256,3274899.495780594,,,
2017-11-13,2803291.66666667,2903940.729382373,2783579.259060363,3025063.4252101784,,,
2017-11-20,3303155.0,3209490.4054908887,3063106.1810605247,3350096.5850272155,,,
2017-11-27,3103743.33333333,3164946.9146334473,3038734.039079619,3297304.708424151,,,
2017-12-04,2793875.0,2747081.720545279,2653843.7302293964,2841420.407043201,,,
2017-12-11,2260396.66666667,2317546.002384011,2221941.0416541505,2414214.472892564,,,
2017-12-18,2399176.66666667,2499125.6750417436,2383763.1228692047,2618047.517611996,,,
2017-12-25,3827520.0,2882269.012157373,2733637.7460082695,3033867.845454855,,,
2018-01-01,3109461.66666667,2583240.4994308166,2428767.2372211292,2738009.2869409616,,,
2018-01-08,2228128.33333333,2335092.9155978477,2217132.6199088297,2456105.8258342594,,,
2018-01-15,2202593.33333333,2210563.715132302,2090953.5154469393,2330278.736636539,,,
2018-01-22,1918293.33333333,1924897.0629859804,1802348.2357491255,2051736.743272964,,,
2018-01-29,1862458.33333333,1874532.760946904,1771627.7405634366,1980751.8676152336,,,
2018-02-05,1975951.66666667,2025382.2923383382,1928618.7424960588,2121236.723665221,,,
2018-02-12,1827318.33333333,1762960.0703382995,1668944.2287605836,1853510.0237907332,,,
2018-02-19,1656268.33333333,1611573.764666999,1507008.7553205115,1704754.7091793644,,,
2018-02-26,1703790.0,1662619.7552292584,1570450.7809043925,1753651.3630649548,,,
2018-03-05,1488115.0,1495356.5472481628,1413209.816051239,1576557.2409982963,,,
2018-03-12,1727330.0,1823129.836808959,1678051.1111498668,1968947.865921198,,,
2018-03-19,1208246.66666667,1249274.447293887,1157848.8377157967,1341255.8018074064,,,
2018-03-26,1388960.0,1743423.071186943,1635313.3840427655,1851392.926001584,,,
2018-04-02,2408331.66666667,1406241.4593361297,1308067.523951516,1507713.1052866043,,,
2018-04-09,1131721.66666667,1148595.6029925772,1054822.7997533581,1239610.8947798628,,,
2018-04-16,950015.0,967294.3888931122,879694.8037515063,1049708.5430226766,,,
2018-04-23,801298.333333333,796832.0994489511,697484.635017274,897441.6498064644,,,
2018-04-30,779838.333333334,1202475.1799522606,1070608.085063258,1341255.4532687776,,,
2018-05-07,889546.666666667,1259768.118119761,1156817.00149328,1366190.5918413615,,,
2018-05-14,862850.0,990889.3471253025,857270.050355106,1128961.8691217862,,,
2018-05-21,2601601.66666667,1306911.0524356402,1187914.389119989,1426894.1572551914,,,
2018-05-28,905008.333333334,956297.3865787945,866283.570708323,1052263.0157156368,,,
2018-06-04,910551.666666667,938690.7319718796,856917.6273742915,1025816.9236338448,,,
2018-06-11,923853.333333333,948406.1226230063,863383.99265866,1035066.78891193,,,
2018-06-18,982420.0,1001719.7048309627,924842.4773984846,1085514.6391377312,,,
2018-06-25,1056811.66666667,1114302.0068422558,1022121.3112031851,1206506.5077213685,,,
2018-07-02,932326.666666667,969376.319433508,879455.0665702744,1065292.0688655565,,,
2018-07-09,1126221.66666667,1221202.3591783633,1115450.8295070508,1328291.1315891824,,,
2018-07-16,1140006.66666667,1148981.599422622,1069469.997151928,1233106.7290258259,,,
2018-07-23,1479303.33333333,1472198.9326884225,1390483.8451392245,1555933.4378383022,,,
2018-07-30,1647193.33333333,1641200.6510684378,1531944.975837111,1751832.0091284928,,,
2018-08-06,2009478.33333333,1959080.8117252598,1840064.2999152432,2081031.6806134277,,,
2018-08-13,1523443.33333333,1488192.922828166,1400314.9069134174,1575181.852453562,,,
2018-08-20,1420118.33333333,1439006.7703255669,1298453.6947119827,1572437.938214626,,,
2018-08-27,1673551.66666667,1676634.328747393,1573829.9339428747,1778894.5783866649,,,
2018-09-03,2061091.66666667,1974476.0131743602,1860904.185496795,2086507.5140215356,,,
2018-09-10,2144110.0,2101903.6129974043,2010595.1607292718,2193409.368565112,,,
2018-09-17,2058653.33333333,2004182.2885487298,1872037.9028230542,2133673.5045014033,,,
2018-09-24,2208345.0,2127181.105740942,2019955.7674603474,2237559.3786838753,,,
2018-10-01,2603008.33333333,3041811.152378333,2896084.07698693,3193967.011855317,,,
2018-10-08,2313193.33333333,2332826.3303725393,2212884.201284398,2459240.327208661,,,
2018-10-15,2813106.66666667,2750209.8218315197,2656167.6913597044,2852065.757928512,,,
2018-10-22,2665110.0,2676801.7683603787,2574569.73048234,2782178.8460165826,,,
2018-10-29,2947875.0,2876806.6727899364,2774140.3463041554,2984736.146056187,,,
2018-11-05,2768941.66666667,2746944.4046209767,2643202.8119421443,2853721.147821461,,,
2018-11-12,2666240.0,2663965.9426941713,2538261.79171341,2785462.278778874,,,
2018-11-19,2559550.0,2521912.7427125773,2395526.3615471176,2641490.974531995,,,
2018-11-26,2653766.66666667,2629264.617163934,2488953.300504056,2771823.9726215373,,,
2018-12-03,2144703.33333333,2178103.771129167,2057706.8759536692,2297145.410972407,,,
2018-12-10,2451681.66666667,2469895.669193048,2350056.931869647,2588259.4273181017,,,
2018-12-17,2469486.66666667,2493256.571266376,2384680.281609965,2599024.39980575,,,
2018-12-24,3208150.0,3325646.447456157,3160281.7368177418,3502796.914835463,,,
2018-12-31,2746851.66666667,2861591.9899776736,2721994.613395162,2997977.3472697614,,,
2019-01-07,2566165.0,2701714.0828427426,2551990.079323964,2853469.1911138473,,,
2019-01-14,2554828.33333333,2562837.5581656727,2437326.0339863524,2691142.3157567973,,,
2019-01-21,1959706.66666667,1980522.002972478,1855933.4929115807,2107195.16770872,,,
2019-01-28,2424486.66666667,2444789.2007049485,2315467.457467242,2576362.1672143987,2411348.610700716,1936369.8523096486,2883411.8655551244
2019-02-04,1953060.0,2000411.0357548734,1899100.298541473,2098205.9525889843,2020009.150702143,1564314.2805215358,2475524.183786235
2019-02-11,2086935.0,2039271.9081148244,1923814.6617011235,2151224.0161881815,2012656.049438831,1537182.3172062375,2494012.8247966073
2019-02-18,1675816.66666667,1641701.107107226,1522146.0473592533,1750869.8764341793,1618333.8445376528,1152547.758694481,2085058.8245757234
2019-02-25,1976413.33333333,1961748.2573962517,1857161.1415203495,2064982.75071736,1967430.9784706251,1487644.1928341705,2434117.739558103
2019-03-04,1480760.0,1491724.4420965277,1401232.1911941718,1582498.7262860134,1494834.7864297654,1032552.0844970274,1957245.857146914
2019-03-11,1425500.0,1404413.717133122,1313148.9356883431,1492838.5800149778,1405491.955341201,937327.5690229197,1886799.6621437564
2019-03-18,1156860.0,1186689.863170181,1074360.3111251448,1299439.4783713615,1183713.7385141663,714904.730492478,1659013.148876387
2019-03-25,1252230.0,1260227.9601096045,1171226.0545896129,1346024.7099862674,1273778.4955700121,807494.8781241494,1738428.469028032
2019-04-01,1209373.33333333,1241823.3891932946,1139372.7185087102,1341543.8523778368,1231291.6834879306,764821.5370592173,1713245.0401403361
2019-04-08,1183801.66666667,1329922.030108631,1200064.8859570867,1455883.3979215056,1354922.3915793276,857251.7190836101,1845238.899900686
2019-04-15,918593.333333333,1286026.7332476967,1176733.9816634879,1399553.8656943357,1366579.8204798733,893957.0273861927,1828611.8587936843
2019-04-22,2303595.0,1313572.0622330823,1204449.1489210455,1426334.1734041353,1339060.2143283563,860246.5981201124,1810096.1031694617
2019-04-29,890675.0,1274225.6017600624,1150427.2996159657,1398309.6300377867,1325025.9941055826,850118.1231577675,1789960.0668407853
2019-05-06,989913.333333334,1037841.169045234,943500.1172762492,1134405.5411800179,1079788.0680960803,619621.0940004202,1539701.6052618492
2019-05-13,915791.666666667,975981.3913215235,869390.2712727649,1082851.8504872844,1011121.8384843667,538131.5134668249,1479277.998331108
2019-05-20,746205.0,850897.8863522902,723716.3923690323,978159.8960043387,902357.9800273945,409031.29963868303,1403143.9581782857
2019-05-27,723785.0,1069123.2334124807,956013.572195408,1180653.5243308656,1129591.6493228965,653572.5531108348,1591388.7058452535
2019-06-03,903125.0,918661.2658083896,830104.3046920275,1010953.4587097563,948227.0150417578,471395.0264005805,1428702.1410974339
2019-06-10,672250.0,976283.2823014109,857239.5086814456,1094635.028249852,1018545.699425886,545309.9176877588,1491462.7250432186
2019-06-17,739783.333333334,719685.566468402,627079.8517862996,812996.7655168104,754941.9165555796,276038.4526725431,1224964.3510028431
2019-06-24,831833.333333334,815291.4779140358,722843.0096394415,907404.7607391789,848481.2348742343,388963.6995635996,1299328.3479246728
2019-07-01,939896.666666667,914129.8843289791,822164.7939015356,1006643.5958375934,923750.3250001341,454845.2724262973,1385344.802121615
2019-07-08,946510.0,910428.9572604726,820441.7050982343,999343.8316798108,925075.8502330788,459166.4454220198,1384760.9175216958
2019-07-15,1063913.33333333,1025419.7448869086,927287.0980737207,1124298.1029468253,1025863.9195840594,549224.0630047116,1502863.4284785232
2019-07-22,1278223.33333333,1275295.1227644526,1186153.4881123542,1362574.410850855,1277193.2310236115,818958.3804066511,1743694.3386597785
2019-07-29,1500828.33333333,1482450.207215618,1369909.6690787913,1595616.3621653973,1460949.5554222856,980312.4652843539,1936495.198177018
2019-08-05,1843118.33333333,1906582.0309460738,1758283.151321287,2067878.7987259729,1907547.7724850012,1428086.2868523246,2390295.859693756
2019-08-12,1443773.33333333,1398769.74709491,1284478.5616177276,1509692.96125621,1398370.8704385555,924352.3193862754,1868200.535395349
2019-08-19,1397435.0,1355314.7937686343,1205669.928573516,1497782.7006867328,1363603.5561865298,851217.1667014923,1862334.993406321
2019-08-26,1930413.33333333,1918781.389655652,1810840.9368616522,2031100.7629389742,1929485.4918879753,1461177.8295803485,2417104.096399647
2019-09-02,2106968.33333333,2077316.8273404622,1965276.9091696069,2186206.6126114884,2098296.139708907,1608384.3624732026,2593862.18473538
2019-09-09,2233758.33333333,2244774.2912459094,2133615.760630594,2358016.6325584804,2245044.0499832784,1771691.0957949264,2731344.291625348
2019-09-16,2575148.33333333,2557755.2359356503,2427056.091874187,2689155.2950613787,2600611.8670025878,2105073.195028027,3080863.7034901814
2019-09-23,2510951.66666667,2448853.69238053,2346663.0444417507,2556272.4264077083,2466537.4373290134,1988263.7734599225,2930051.7551735938
2019-09-30,2275620.0,2530852.8375453986,2363766.3220169297,2697546.907220774,2638264.8251465433,2135518.421608155,3143211.8932505534
2019-10-07,2505161.66666667,2496123.4685091884,2360849.1536017004,2636081.3550645728,2523656.5254064994,2043155.6246849536,3008102.0554741416
2019-10-14,2456240.0,2395202.71176104,2263504.6245793286,2529085.7650037347,2421187.6883155243,1922471.5615183,2903504.8569475166
2019-10-21,2182825.0,2124446.4466559584,1981866.3699778293,2274623.511265983,2125813.815731638,1641683.9263097413,2620424.583690606
2019-10-28,2377706.66666667,2306208.9203377557,2184683.5581377065,2430071.420082248,2297721.872898662,1832092.0354844546,2788456.5601680954
2019-11-04,2732825.0,2699480.163698219,2558096.632775609,2837438.4411218828,2746202.0480273645,2262785.475241682,3227318.232397278
2019-11-11,2767788.33333333,2770055.8902467303,2624968.591828596,2917224.0063892687,2745020.0057395576,2271912.1324930177,3224273.8325959574
