date,baseline,seasonality,controls,meta,google_search,pmax,youtube,linkedin,actual
2023-10-02,4658725.493614243,-433177.0016916314,0.0,1572092.670814277,1340399.494302739,0.0,466960.5260695361,203281.87903863008,7787429.0
2023-10-09,4658725.493614243,-393548.8765174009,6947.604858952327,1254653.6834671812,1839019.9794456991,0.0,498490.85501324973,209911.63415307575,8152787.0
2023-10-16,4658725.493614243,-348081.7308243121,13895.209717904654,1895414.340965404,1570125.570362128,0.0,600495.459892122,221062.16212736935,9256862.0
2023-10-23,4658725.493614243,-297024.5621480914,20842.814576856978,2047593.6086638381,1355364.4615634494,0.0,602064.6934671841,285843.25723040994,8974898.0
2023-10-30,4658725.493614243,-240739.0070032788,27790.41943580931,1081637.9115959567,1349728.1089426077,0.0,335058.70615620917,232422.56660590714,7610172.0
2023-11-06,4658725.493614243,-179715.91108561432,34738.02429476165,1130843.6609342662,1401023.7689283371,0.0,185775.56035820566,184059.61906252158,7635640.0
2023-11-13,4658725.493614243,-114586.94079007547,41685.629153713955,1617951.4766994359,2209803.2428625957,0.0,105893.36036881892,293182.24231887865,8977104.0
2023-11-20,4658725.493614243,-46129.98731988063,48633.23401266626,1503347.932402793,1608558.777648324,0.0,62246.83996411155,345991.09978084353,8090489.0
2023-11-27,4658725.493614243,24732.554859487358,55580.83887161862,1603117.2695317734,1864523.63917819,0.0,489070.7938480044,276765.097051177,8522871.0
2023-12-04,4658725.493614243,96943.16120518242,62528.443730571205,1322962.8572112476,1492278.5992232985,0.0,499489.8143942511,216280.76611607097,8193215.0
2023-12-11,4658725.493614243,169326.29622547954,69476.0485895233,1961833.0724974598,1865342.7801246336,0.0,576565.0691688716,238306.67867537457,9209144.0
2023-12-18,4658725.493614243,240612.9265324516,76423.65344847554,1982247.205378735,1795910.678565319,0.0,806695.1941004699,240633.80611442178,9233079.0
2023-12-25,4658725.493614243,309471.64058166515,83371.25830742791,1692321.088553756,1644976.1447896562,0.0,478961.7281381904,244045.8230399125,9313377.0
2024-01-01,4658725.493614243,376782.2659064393,90318.86316638003,2620141.292355964,1828393.8281877802,0.0,269487.32081346196,218627.40982326848,10323893.0
2024-01-08,4658725.493614243,436520.61541942233,1124645.7083046227,2380388.9820509804,1708733.3550071593,0.0,153396.74947024536,262596.94615352695,9934413.0
2024-01-15,4658725.493614243,489801.32452734385,1131593.31316358,1775924.3940037119,1978833.6303245644,0.0,89631.69034657738,269993.10038164887,10334343.0
2024-01-22,4658725.493614243,535443.0738369025,111161.67774323732,2242808.1142342263,1796901.8254763554,0.0,406258.18023473007,217324.6354275612,10303300.0
2024-01-29,4658725.493614243,572406.6522157784,118109.28260219013,1715851.5165970991,1566242.4404573645,0.0,522172.7097954556,267866.803134819,9730743.0
2024-02-05,4658725.493614243,599831.8372069843,125056.88746114251,2492824.4774880833,1496075.520767002,0.0,538710.6426697847,323817.17466991185,10476014.0
2024-02-12,4658725.493614243,617068.606367912,132004.49232009434,2124697.9354036176,1855973.9631202056,0.0,621850.2660767337,281965.940476117,10317049.0
2024-02-19,4658725.493614243,623701.1450651916,138952.0971790467,2022706.0372559766,2343457.6872871323,0.0,346316.916851637,256085.69902022416,10098212.0
2024-02-26,4658725.493614243,619563.4606615681,145899.70203799894,1798878.4056848516,2051613.0369452024,0.0,191125.7365852677,253147.50364637937,9297915.0
2024-03-04,4658725.493614243,604745.8232940884,152847.30689695114,2680024.358798033,1905650.022358696,0.0,108418.04132100772,274248.22679768404,10553072.0
2024-03-11,4658725.493614243,579591.7069573532,159794.91175590377,2103817.1791161606,1978248.7304064317,0.0,63457.779198499986,214431.74433583487,10138111.0
2024-03-18,4658725.493614243,544685.3762954023,166742.5166148559,1915759.49678699,2286422.9052900276,0.0,376342.6289013253,250589.95196850496,10744189.0
2024-03-25,4658725.493614243,500830.7282537835,173690.12147380834,1924208.7479279079,2052699.989721806,0.0,551971.0890775378,240151.57327054886,10458620.0
2024-04-01,4658725.493614243,449022.4278851769,180637.72633276015,1874408.3100207704,1657274.9690651216,0.0,579615.49011472,311109.4483708421,9499364.0
2024-04-08,4658725.493614243,390410.7503903923,187585.33119171322,1798920.7129448426,1950964.2199809917,0.0,676586.2655052384,266713.18526919704,9421948.0
2024-04-15,4658725.493614243,326261.83643633506,194532.93605066507,1809569.0326246365,1829518.4009075745,0.0,383717.3574513229,313333.18204662285,9405505.0
2024-04-22,4658725.493614243,257915.26888802156,201480.54090961808,1817939.9572564207,2108996.0780528723,0.0,213075.28048930416,245866.06180007764,9760799.0
2024-04-29,4658725.493614243,186740.97563712284,208428.14576857002,2637714.4191291966,1809508.4454430775,532862.1476507016,121091.48846010867,273802.9783462744,10461037.0
2024-05-06,4658725.493614243,114097.45047325097,215375.75062752242,1610649.0090254617,1413570.3215210254,664198.9973223715,70898.1547152126,270713.5236671882,8995032.0
2024-05-13,4658725.493614243,41293.1634090743,222323.35548647464,1441709.1660975018,1280633.318852839,955616.5187050075,522838.4612063154,235759.4389285338,9390396.0
2024-05-20,4658725.493614243,-30447.188862221472,229270.96034542672,1317679.3529834112,2039958.73234381,401457.3219248871,644318.4910645086,256211.8767131149,9456090.0
2024-05-27,4658725.493614243,-100010.24935721737,236218.56520438025,1842768.3886635113,2203858.715205865,489488.84140758356,603471.340880327,293061.72620883695,9978230.0
2024-06-03,4658725.493614243,-166414.41743701493,243166.17006333213,2631661.984668306,1927056.508688545,698821.1364130669,545919.8162660406,256872.6883626874,10963416.0
2024-06-10,4658725.493614243,-228822.57224791596,250113.77492228503,2114635.5162407286,1805519.2052113558,405984.6233494577,301462.80284200975,209968.0152194806,9676379.0
2024-06-17,4658725.493614243,-286547.0048651269,257061.3797812359,1748889.1990615113,2301303.9376708735,891371.9387053971,167821.22707024618,242937.86209735603,10361776.0
2024-06-24,4658725.493614243,-339046.90281933267,264008.9846401887,1709266.8669317914,1735542.6124164683,710172.4052832397,96239.44915385812,222690.54769219365,9332444.0
2024-07-01,4658725.493614243,-385919.1435306739,270956.5894991406,2373736.0445293863,1631906.3472228588,784035.8294309659,56911.303147177845,233608.07077813515,9371825.0
2024-07-08,4658725.493614243,-426883.5134980446,1305283.4346373877,2486611.500020171,2021468.3481925363,543847.12284889,351432.6595401665,244033.3394595724,11040980.0
2024-07-15,4658725.493614243,-461763.75747067307,1312231.0394963357,2403183.768474399,1822786.2011949297,755026.7020653202,541509.9982039637,201843.1465799421,11737236.0
2024-07-22,4658725.493614243,-490466.0601734307,291799.40407599806,1854982.331508364,1878654.8201827705,836530.4476355056,505798.18520584307,190944.29716624858,9471552.0
2024-07-29,4658725.493614243,-512956.66163190803,298747.0089349497,2185005.1122540752,1848444.957052166,680178.8191595015,562973.0265320665,251217.9059908426,9218097.0
2024-08-05,4658725.493614243,-529240.3007843507,305694.6137939025,1737558.743161886,1781858.499894304,659444.2905733694,308615.6276911353,234171.4025297379,8618554.0
2024-08-12,4658725.493614243,-539341.0720580467,312642.21865285514,1724928.8793392873,2061394.2287097422,661930.7354807851,169811.73572367162,178769.6876646087,9510060.0
2024-08-19,4658725.493614243,-543287.0731787255,319589.8235118076,2000281.4221861039,1773633.512567875,485826.1377341942,96384.52792450866,260737.5831829552,9220930.0
2024-08-26,4658725.493614243,-541099.9325592829,326537.42837075883,1755485.377547596,1846350.370314544,565799.091746594,56502.37776188126,260839.37077362265,9124962.0
2024-09-02,4658725.493614243,-532789.9489427349,333485.0332297121,1918663.4821746433,1266853.7505845183,574181.6989012625,451668.1199162057,233830.06634747557,9271424.0
2024-09-09,4658725.493614243,-518357.17615575274,340432.6380886653,1684727.4434271315,1551540.4239318806,669819.4769031762,506539.13555521844,210041.27456811952,8130847.0
2024-09-16,4658725.493614243,-497798.3660399614,347380.24294761673,1745983.99673061,1422116.8619675231,809598.3973631419,642015.4647676406,269582.06542614027,9481019.0
2024-09-23,4658725.493614243,-471119.2682091819,354327.8478065677,1895655.7878406101,1310450.1452439101,482758.1967620019,753180.9728972564,266934.59774461185,9825487.0
2024-09-30,4658725.493614243,-438351.40125732817,361275.4526655205,1184969.6526770925,1357454.8812897513,570356.087724289,438920.29947864404,335888.35501827154,8075814.0
2024-10-07,4658725.493614243,-399572.07966363657,368223.0575244726,1457168.0838823959,1495106.2916191292,911213.145494568,246045.08456072205,293961.26279334544,8904867.0
2024-10-14,4658725.493614243,-354926.22402595024,375170.66238342656,1431216.6293235254,1857803.6668963088,537658.3216667445,140202.25008884261,281445.1293572582,8826310.0
2024-10-21,4658725.493614243,-304648.31520600244,382118.26724237745,1371752.0015708143,1401370.2638896261,475776.9327554431,82110.56446095085,260627.2846935799,7996433.0
2024-10-28,4658725.493614243,-249082.7860635259,389065.87210133026,1491483.9856979507,1600081.5712794382,623836.5867937293,531067.5428896962,284330.7963920613,9136278.0
2024-11-04,4658725.493614243,-188701.18239944836,396013.4769602826,2272998.70404601,1516418.5469964645,768953.1688620531,560129.4336140481,283624.46766034,10748640.0
2024-11-11,4658725.493614243,-124114.56608861624,402961.08181923616,1405636.9630762932,1534637.2476447634,630467.1771041423,706058.1625782434,303456.65219936037,10278922.0
2024-11-18,4658725.493614243,-56079.87065366798,409908.68667818716,2013918.4654834303,1891911.9088399229,882878.2442475765,682813.7301606552,257283.71173729983,10578121.0
2024-11-25,4658725.493614243,14500.76044084879,416856.29153714003,1140807.6197976111,1841985.1120439486,808225.4475571918,390411.0656830075,244766.3411069695,10379327.0
2024-12-02,4658725.493614243,86588.23776284707,423803.896396093,1447329.0377323397,2053218.3188345153,796636.081580683,218786.29096221406,238298.0150482738,9989055.0
2024-12-09,4658725.493614243,159022.5496205334,430751.50125504483,1665775.7167090774,1713018.2666402603,735943.0276719985,125231.96856367037,275410.69140240893,10441711.0
2024-12-16,4658725.493614243,230546.25716694875,437699.1061139973,1866066.7385778683,1500356.1310698797,1165724.4363810683,73737.52574177156,307350.37903833715,10088610.0
2024-12-23,4658725.493614243,299834.73418659426,444646.7109729493,1943372.4674369625,1558046.7434755727,659051.5337131225,368288.12830263126,258970.10624667327,10241431.0
2024-12-30,4658725.493614243,365532.01930233155,451594.31583190174,1989183.5110577685,1687822.6418872487,367039.070985117,549394.3377381994,245556.34417507544,10442368.0
2025-01-06,4658725.493614243,420056.90264403593,1485921.1609701463,1932772.9802289372,1896170.1449579762,921069.5635100107,508509.5464710774,262362.2251683674,13060346.0
2025-01-13,4658725.493614243,475308.4150680843,1492868.7658291017,1877909.9120350499,1622447.9973437993,578033.0744030058,625812.7594187176,249190.89218684606,11563156.0
2025-01-20,4658725.493614243,523245.7126735434,472437.1304087605,2495913.734490299,1860357.9029062337,623307.2178239123,348644.00480716163,283658.81687704945,10989827.0
2025-01-27,4658725.493614243,562785.0137948836,479384.7352677113,2063075.5316709515,1948888.6540003512,876238.4768942186,192274.484599196,206483.90891784706,11490809.0
2025-02-03,4658725.493614243,593011.4922616783,486332.34012666426,1578919.6441972137,2648618.726164655,432394.8252566536,108990.40472554394,217781.97748211626,10654736.0
2025-02-10,4658725.493614243,613212.2781371612,493279.94498561433,1570754.3040886547,2595152.2612532093,408075.0036035797,63752.56830551582,218451.22756178264,10364655.0
2025-02-17,4658725.493614243,622902.6615775828,500227.5498445702,1649009.137907471,1896369.7871119166,362918.6959918034,283449.3516190692,178237.90726189787,10297234.0
2025-02-24,4658725.493614243,621844.2037222722,507175.15470351954,2289953.6328053568,1827718.6206145019,450991.74962583464,424719.84194823157,202041.75309625402,10851049.0
2025-03-03,4658725.493614243,610053.8521354327,514122.7595624719,2186800.8350558407,1522318.12708997,662544.859608087,559159.4229552695,207625.3086387371,10878279.0
2025-03-10,4658725.493614243,587803.6019545599,521070.36442142545,2442437.696263439,1655615.234044842,707481.4143027384,591032.3774846144,231154.75922784818,11354535.0
2025-03-17,4658725.493614243,555610.7130444462,528017.9692803774,1956480.3798930973,1929207.3432249886,668485.5235311895,326081.8603755661,280572.4691893476,11161098.0
2025-03-24,4658725.493614243,514218.9621393205,534965.5741393302,2160757.500713866,2245072.4937469126,421474.9196900454,179337.69845712223,252599.00452853562,11273412.0
2025-03-31,4658725.493614243,464571.851233089,541913.1789982812,2406597.3967021555,1804381.9469053077,301524.7540337394,101558.4478646395,223939.76593181473,9816871.0
2025-04-07,4658725.493614243,407779.084908825,548860.7838572356,1611520.4382160576,1534777.2035046278,573561.8312301651,59376.753476520316,243822.97343681066,10036394.0
2025-04-14,4658725.493614243,345077.9483452488,555808.3887161867,1809929.109516635,1164482.4499603224,523862.5583341693,457144.04122531624,284077.5792144834,9211777.0
2025-04-21,4658725.493614243,277791.4469901111,562755.9935751391,1410772.3372834648,1498773.8393283987,677392.3831773234,600433.9165162066,235517.3150110812,9347588.0
2025-04-28,4658725.493614243,207285.1960585191,569703.5984340905,1466224.449171083,1360393.3869846796,746164.5822091623,645912.8218801629,223169.10284297715,9737539.0
2025-05-05,4658725.493614243,134925.06662290698,576651.2032930448,1464143.9724634748,1449531.6138918046,649510.1823454644,681417.7603960034,263562.9444495888,9848240.0
2025-05-12,4658725.493614243,62037.504812490704,583598.8081519961,1202578.593968274,1389742.6042427255,756756.0085669466,388521.5089177101,248395.28941880626,9018313.0
2025-05-19,4658725.493614243,-10125.752582894052,590546.4130109489,1775019.0083035906,1562744.1545124878,667447.9442087864,217041.90686514732,272517.6186373802,10162416.0
2025-05-26,4658725.493614243,-80417.1272895279,597494.0178698997,1468731.2538313062,1237741.107550516,712633.8730815824,123937.37418325205,258643.68563962422,8504601.0
2025-06-02,4658725.493614243,-147815.73356373707,604441.6227288514,2038602.4186599567,1373692.687044548,514344.0898297368,72842.25344823863,277741.36858979426,9405373.0
2025-06-09,4658725.493614243,-211442.3293290594,611389.227587805,2320133.253116545,2441666.0629489855,564919.7361755829,346798.5528707667,232377.58404499057,10914219.0
2025-06-16,4658725.493614243,-270566.45832612,618336.8324467582,2335815.9755403185,1740409.1967701218,634119.2341687629,439790.9148484438,249000.10305570526,10411461.0
2025-06-23,4658725.493614243,-324606.0025956705,625284.4373057103,2446064.8041612827,1585225.8260953913,765799.833310658,472457.6525475146,245830.3236339507,10683052.0
2025-06-30,4658725.493614243,-373119.7882397966,632232.0421646617,2099661.256366407,2381337.7552398406,565743.6619393664,509604.32787826745,216222.97026578014,10535071.0
2025-07-07,4658725.493614243,-415794.26498191984,1666558.8873029046,1916508.4891448389,2829628.041883087,697314.5586268946,274897.34514222253,197832.1599555416,11971585.0
2025-07-14,4658725.493614243,-452425.59011741774,1673506.4921618598,2044942.0125289408,1921437.6003495771,575246.820640714,150344.4754571407,260746.57731765177,10645229.0
2025-07-21,4658725.493614243,-482898.67257943196,653074.8567415177,1433719.1448086295,1815127.5493775657,582878.6540696555,85104.52289666163,242547.0406049431,8444172.0
2025-07-28,4658725.493614243,-507164.8606248081,660022.4616004727,1440681.6744292993,1974406.8448923111,761419.6992524739,49816.98928396614,219532.31512236624,8665302.0
2025-08-04,4658725.493614243,-525219.9803881348,666970.0664594242,1163927.4376308494,2194918.5762784015,376825.7607251891,469388.59777309763,240540.5419438921,9277325.0
2025-08-11,4658725.493614243,-537084.3516772672,673917.6713183757,1226927.495520273,1573913.612984642,394121.92066177115,610626.4496548092,285116.61395497434,8553098.0
2025-08-18,4658725.493614243,-542786.2274372743,680865.2761773306,1739299.040732246,1573369.602679178,372738.7151572196,617583.2123744786,205067.90129555916,9179908.0
2025-08-25,4658725.493614243,-542349.8356318111,687812.8810362829,1321760.7139849437,1837218.2404677256,289795.00263886806,596446.6438343273,198273.31240336897,9106606.0
2025-09-01,4658725.493614243,-535788.8633465598,694760.4858952335,1450165.3427042083,1802314.4831198563,456433.08684911474,332454.2678502188,209472.08319557438,9208886.0
2025-09-08,4658725.493614243,-523105.8333343447,701708.0907541855,2172228.50560208,1594252.598494458,725146.5750088958,184956.18145902993,289699.7724918067,10184997.0
2025-09-15,4658725.493614243,-504297.40657598054,708655.6956131355,1559285.120879703,1602006.4362894425,574275.9957925392,105754.61024583486,270706.5516886188,8734904.0
2025-09-22,4658725.493614243,-479365.22588221874,715603.3004720891,1924159.369172423,1324310.4098477818,636625.048911056,62330.74486061721,282899.58464762423,8700273.0
2025-09-29,4658725.493614243,-448331.5203776206,722550.9053310411,1338490.8090970137,1513709.6548752242,825676.6150942503,418573.75897814584,232272.1504518116,8871126.0
2025-10-06,4658725.493614243,-411258.3427881761,729498.5101899942,1515679.7345870787,1547503.9338934994,906555.8498859055,478926.8638863834,216540.60642028326,9706692.0
2025-10-13,4658725.493614243,-368269.03194251814,736446.1150489452,1281892.7406932726,1682137.449971039,639373.5469912036,578979.1612553782,258652.70971191666,9957425.0
2025-10-20,4658725.493614243,-319570.298936481,743393.7199078983,1458860.4328159613,1520335.713175359,891657.1049453752,533173.8814818083,255818.80982944838,9426542.0
2025-10-27,4658725.493614243,-265473.2391470873,750341.3247668532,1956372.2286295646,1741240.392582926,663236.3314272725,291606.0743621406,271400.7214826928,9144423.0
2025-11-03,4658725.493614243,-206411.5801439597,757288.9296258055,1121402.8213063278,1937490.927551494,491595.6181052318,161002.1907655673,252965.11069698553,8710770.0
2025-11-10,4658725.493614243,-142955.58786408635,764236.5344847549,1746459.2154318432,1756383.5623635955,499025.31290896586,91731.84286809048,262587.02424699964,9341984.0
2025-11-17,4658725.493614243,-75820.26439057093,771184.1393437089,1728981.4998495355,1763869.5433589928,388439.25219753484,53958.57139362036,260936.24923926961,9463873.0
2025-11-24,4658725.493614243,-5866.768703862424,778131.7442026605,1423029.6365994164,1688548.904388269,442851.44241737487,238444.32390771084,280642.5129459274,9363390.0
2025-12-01,4658725.493614243,65903.63989180687,785079.3490616134,1128812.0406987513,1657179.9052743444,523946.777168069,385534.6947168161,287021.09939546644,9434201.0
2025-12-08,4658725.493614243,138363.4182533202,792026.9539205653,1596808.676355109,1477793.78482376,746568.366279814,503673.25067289465,222841.12876466065,9807199.0
2025-12-15,4658725.493614243,210280.15520380114,798974.5587795178,1426584.3013965727,1690670.5955484263,994013.2843135888,513672.32605014334,186495.16021376548,10807141.0
2025-12-22,4658725.493614243,280344.9829344861,805922.1636384723,1692922.0029888516,1631546.4662245535,475214.9787871096,277299.1415524543,271502.52812719834,9798722.0
2025-12-29,4658725.493614243,347206.9628359076,812869.7684974221,1638871.8429816237,2238656.6120996163,663056.2057333594,151551.4488008718,294354.9201079401,10502861.0
2026-01-05,4658725.493614243,411636.25706623105,1847196.6136356716,2869521.676300052,2415673.2051392994,462539.00621369085,85687.36453471331,238760.32720680066,13016520.0
2026-01-12,4658725.493614243,467836.0520045291,1854144.2184946155,2094125.6576093007,2132614.667890608,673863.9221528235,50093.68798485758,200227.39304820972,11445347.0
2026-01-19,4658725.493614243,516888.07474392053,833712.5830742801,1677354.152432629,1768326.2828192143,592345.8113133499,412345.8955899688,243270.35493767587,10740924.0
2026-01-26,4658725.493614243,557687.4253136477,840660.1879332326,2140534.1004553386,1587803.0945080991,367427.6697683327,658542.8806476686,278790.9267392053,10893830.0
2026-02-02,4658725.493614243,589292.9809875526,847607.792792186,2206588.0282946094,2179179.699374043,755921.7719197613,584051.3117229411,317566.9308802719,11965069.0
2026-02-09,4658725.493614243,610961.242385393,854555.3976511363,2787921.9303807076,2034098.199166328,531495.9655950719,634878.3898948318,290021.4218293872,12922624.0
2026-02-16,4658725.493614243,622173.5960439134,861503.0025100897,2581942.417921366,2061200.5814148562,512867.46676297125,356696.8122787581,257370.76324629135,11730793.0
2026-02-23,4658725.493614243,622655.6465294585,868450.6073690432,2327672.160975594,1527726.1584699128,437537.2444518868,198385.6442213311,231896.44384526717,11692286.0
2026-03-02,4658725.493614243,612387.6557781396,875398.2122279946,2855684.3645343347,2088957.9693284547,481118.1434202599,113198.42673261855,249921.75234951128,12016877.0
2026-03-09,4658725.493614243,591605.5652862173,882345.8170869454,1724573.0566169356,2063926.5159007635,665000.8327024125,66562.3195830909,243896.05978906332,10592829.0
2026-03-16,4658725.493614243,560792.5438446376,889293.4219458986,1785172.4037773092,1665094.373949214,581378.4091949258,360492.4596311054,221458.7867663472,10621169.0
2026-03-23,4658725.493614243,520661.4738667428,896241.0268048517,1671948.5574819555,1719943.4469133143,661184.7386815185,572056.3705775192,315534.4689747045,10418135.0
2026-03-30,4658725.493614243,472129.2369547554,903188.6316638035,1879074.1362013393,1928911.022739872,677751.294733777,623232.7721068811,326023.4198441682,11033101.0
2026-04-06,4658725.493614243,416284.0594463904,910136.2365227563,1204376.6607283384,1728964.918715294,885876.3221235814,542072.3907837868,311912.97213529085,10669071.0
2026-04-13,4658725.493614243,354347.5092441246,917083.8413817069,1841484.9445405847,1596533.056716092,591857.8017758294,298443.3679339081,252351.9690660805,10673104.0
2026-04-20,4658725.493614243,287632.9781906836,924031.4462406612,1564489.0957123253,1609791.23047746,405516.2403734411,165593.0010304714,285505.5896077544,9729352.0
2026-04-27,4658725.493614243,217502.62654331492,930979.0510996112,1139501.3202579753,1575310.4418102694,792486.930826301,94671.98913942424,284576.0847383559,10134875.0
2026-05-04,4658725.493614243,145324.80038068444,937926.6559585653,1219293.2922392678,1668594.8724536558,577377.6852827104,55829.96946560921,278704.3833840067,10093849.0
2026-05-11,4658725.493614243,72433.85786024887,944874.2608175213,1702516.5799032012,2055879.4489923094,825500.8273155154,347165.34131595097,302776.8850726346,11439353.0
2026-05-18,4658725.493614243,94.16114434438472,951821.8656764659,1980243.3852663478,1245985.688164242,704931.8831309098,545904.7808262564,289311.5739136961,10314983.0
2026-05-25,4658725.493614243,-70530.28155173072,958769.4705354226,2575719.2793812063,1500501.2899333145,599821.4003125028,645993.4297929972,289238.6232964612,11737392.0
2026-06-01,4658725.493614243,-138399.38878345978,965717.0753943726,3615998.9724228107,1856534.9229062875,668527.6556672498,673785.7348911627,285879.14009382465,12044425.0
2026-06-08,4658725.493614243,-202613.0645873515,972664.6802533285,2519148.5700284,1965672.7846324185,1048104.8887284533,382789.89586838323,276311.4858399407,11866679.0
2026-06-15,4658725.493614243,-262419.4530429158,979612.2851122803,1754049.3257281298,1814989.8807484861,1130611.2870381642,213242.95024516823,216126.73432269215,10428068.0
2026-06-22,4658725.493614243,-317215.5451193043,986559.8899712287,1264222.6792074377,1454369.1469971112,700023.2041815289,121502.21832845756,249152.67306307307,9326936.0
2026-06-29,4658725.493614243,-366540.7225117537,993507.4948301844,2142007.4011862273,1894293.9855168534,652552.6615035607,71282.52763420496,235447.63768532843,10274756.0
2026-07-06,4658725.493614243,-410064.2087198211,2027834.3399684234,1756960.24455375,2395690.529291096,827079.6358258399,303470.797097796,211039.62433484822,11610610.0
2026-07-13,4658725.493614243,-447567.7185073981,2034781.9448273818,1878518.2665250602,1676307.2653568806,512666.7582509731,522886.084165037,299760.69429389137,11528222.0
2026-07-20,4658725.493614243,-478924.8350374801,1014350.3094070391,1808097.411567839,2099226.884065714,655072.7269006214,534938.3724697004,319678.7568923063,10578187.0
2026-07-27,4658725.493614243,-504078.78621115314,1021297.9142659948,2004114.606809864,1860786.6085583547,607942.4091805961,519082.5702177234,315905.91440068616,10617283.0
2026-08-03,4658725.493614243,-523020.3305256074,1028245.5191249438,2119566.578609759,1686474.632838962,662214.7553230822,282191.74323547026,283942.47872140026,10177375.0
2026-08-10,4658725.493614243,-535767.3966380068,1035193.1239838955,1745139.8024748208,1414890.7456688466,489081.37721318647,155265.7182455361,308908.2043413057,9396813.0
2026-08-17,4658725.493614243,-542347.954464024,1042140.7288428509,1580368.1879227443,1511230.3360257468,376870.08625751804,88268.29371785496,274594.8577135758,9154882.0
2026-08-24,4658725.493614243,-542787.3395970425,1049088.333701802,1265575.5183137637,1974118.016470505,313687.0870980273,51837.45935408686,270233.1305153855,9433909.0
2026-08-31,4658725.493614243,-537100.9228929447,1056035.9385607548,1049216.3106067488,1873432.0976219464,402912.1653731115,359792.2608460746,231339.74641673,9525555.0
2026-09-07,4658725.493614243,-525292.6333255083,1062983.5434197043,1380513.4244224024,2175352.4076328017,502546.26895199885,513498.4841945495,262582.71061529266,10581408.0
2026-09-14,4658725.493614243,-507359.4279187167,1069931.1482786604,1573199.9002372695,2084422.346945471,541654.5016279153,598587.1217388591,257833.28689434342,10273484.0
2026-09-21,4658725.493614243,-483301.3827247894,1076878.753137615,2419125.6466896483,1868869.8693598143,1027983.1303338615,586888.1648196317,218434.24859549556,11457565.0
